Researcher ID,First name,Last name,Gender,Birthdate,Organization,Employment Date
1,Mahmoud,Cattenach,Male,4/24/1956,32,8/13/2020
2,Renaldo,Stuchbery,Male,10/15/1939,33,3/18/2021
3,Towney,Hallard,Male,11/15/1983,1,9/12/2021
4,Neall,Pieter,Male,3/1/1974,32,8/21/2019
5,Decca,Hardman,Male,2/6/1978,16,9/19/2020
6,Nedi,Tarzey,Bigender,3/10/1956,6,12/10/2019
7,Freddi,Huard,Female,8/13/1982,7,4/7/2021
8,Vinnie,Abry,Female,5/13/1985,8,2/28/2019
9,Breena,Corkhill,Female,3/10/1951,9,8/15/2019
10,Eduino,Eckly,Male,4/5/1974,44,7/8/2021
11,Lianna,Islep,Female,3/21/1950,19,11/17/2020
12,Sidoney,Crannach,Female,12/23/1941,40,12/16/2019
13,Gusty,Iowarch,Female,2/21/1985,16,12/21/2020
14,Giavani,Billin,Male,8/18/1989,35,11/5/2020
15,Aldrich,Troubridge,Male,2/12/1984,4,12/6/2020
16,Jude,Howsan,Male,12/6/1972,2,4/11/2020
17,Evonne,Morant,Polygender,11/16/1968,24,10/30/2020
18,Staci,Blundell,Polygender,4/12/1975,54,12/1/2021
19,Jillayne,Labrow,Female,3/13/1950,52,3/19/2022
20,Godfrey,Meckiff,Male,7/15/1959,24,5/24/2019
21,Shandee,Kirwin,Female,11/5/1957,36,8/29/2019
22,Lorrie,Vinker,Genderfluid,7/14/1992,45,7/31/2020
23,Hasty,Powys,Male,6/22/1970,29,4/28/2021
24,Salomi,Accum,Female,12/14/1991,29,2/25/2022
25,Gabie,Gotliffe,Male,12/4/1952,2,6/11/2019
26,Hersch,Ferminger,Genderqueer,9/30/1956,19,1/14/2019
27,Gabie,Marshman,Male,5/28/1956,1,9/20/2019
28,Rebekkah,Winterbourne,Female,10/11/1982,60,2/10/2022
29,Kinna,Swalteridge,Female,12/1/1937,39,4/16/2021
30,Courtney,Sharma,Female,3/23/1971,43,8/16/2020
31,Teresita,Micheli,Female,11/7/1969,42,5/5/2022
32,Anne-marie,Novacek,Female,8/31/1942,23,11/26/2019
33,Gustave,Evequot,Male,7/18/1939,45,5/4/2019
34,Pren,De la Perrelle,Male,2/24/1938,18,10/24/2021
35,Gabi,Ede,Male,8/18/1970,19,1/29/2021
36,Austine,Mayberry,Female,2/28/1989,37,4/29/2019
37,Meredith,Hannond,Female,12/3/1953,28,6/10/2020
38,Bee,Felder,Female,9/27/1992,58,11/2/2021
39,Haley,Palethorpe,Male,2/13/1993,35,9/23/2018
40,Nelie,Faulconbridge,Female,10/7/1952,44,10/30/2020
41,Yorgo,Petrasch,Male,10/8/1955,26,2/12/2019
42,Juliane,Allchorne,Female,5/10/1932,20,11/24/2019
43,Shirlee,Vear,Female,8/1/1986,27,12/7/2019
44,Enrico,Loxly,Male,3/6/1938,47,7/24/2019
45,Tyler,Cadalleder,Male,5/8/1960,18,1/24/2022
46,Kerry,Coggill,Polygender,12/18/1933,58,11/15/2018
47,Eddie,Greste,Male,9/10/1957,21,12/15/2020
48,Viole,Hadenton,Genderqueer,3/21/1937,33,3/20/2021
49,Romeo,Ramplee,Male,10/10/1936,60,9/23/2018
50,Fawnia,McCandie,Female,4/17/1956,53,9/28/2021
51,Milton,Adolfsen,Male,2/9/1994,58,2/24/2022
52,Estelle,Walasik,Female,7/1/1982,22,1/27/2021
53,Elaine,Giannoni,Polygender,8/14/1977,55,4/29/2022
54,Cornelle,Mieville,Female,10/17/1955,7,6/18/2019
55,Janaya,Ierland,Female,12/17/1983,3,1/17/2019
56,Padgett,Rangell,Male,5/1/1943,11,1/25/2020
57,Ferdie,Cristofari,Male,3/24/1974,43,12/8/2018
58,Modesta,Budd,Female,7/14/1977,33,11/12/2021
59,Mortie,O' Markey,Male,2/1/1933,41,4/20/2019
60,Catharine,Baynton,Female,12/9/1976,39,4/24/2019
61,Reilly,Hissie,Genderqueer,12/12/1972,60,4/20/2019
62,Tiertza,Curedale,Female,3/13/1944,3,7/22/2019
63,Land,Jaffa,Male,10/12/1954,29,8/2/2021
64,Lea,Michelotti,Female,4/4/1958,24,2/17/2021
65,Shay,Millyard,Male,5/29/1966,21,2/5/2021
66,Rori,Panther,Female,4/27/1954,32,3/14/2020
67,Celie,Cello,Female,7/17/1961,58,5/23/2019
68,Jaymee,Helling,Genderqueer,11/2/1965,36,9/1/2021
69,Berkeley,Mulgrew,Male,12/16/1991,19,8/28/2021
70,Arie,Scroggie,Male,1/10/1957,19,5/28/2022
71,Dorie,Rutley,Male,8/12/1985,33,11/3/2019
72,Christian,Witcher,Male,8/7/1946,6,5/20/2020
73,Annabal,Bloggett,Genderqueer,2/13/1933,43,10/17/2021
74,Florencia,Thornber,Female,7/7/1982,18,8/25/2021
75,Benjamen,Edgson,Male,2/19/1952,16,12/4/2020
76,Reynolds,Kahan,Male,7/1/1980,1,12/21/2018
77,Benjy,Selesnick,Male,10/20/1956,54,9/29/2020
78,Rollo,Delatour,Male,9/9/1986,29,2/9/2022
79,Constantina,Callington,Female,9/10/1931,37,11/30/2019
80,Fern,Barczewski,Female,3/18/1991,8,6/30/2021
81,Shepherd,Couchman,Male,10/31/1963,33,8/13/2019
82,Shaun,Flintoff,Female,7/1/1980,55,8/6/2021
83,Janette,Krout,Female,11/2/1959,39,1/25/2022
84,Artie,Burdoun,Male,11/15/1947,23,11/13/2020
85,Marje,Johl,Female,1/31/1960,1,12/30/2019
86,Ulla,McGann,Female,3/19/1956,28,5/12/2021
87,Jenn,Kondratenya,Female,4/3/1981,41,11/23/2018
88,Dexter,Rix,Male,12/1/1992,40,8/1/2021
89,Sigrid,McCready,Female,9/25/1952,58,12/8/2018
90,Samuel,Philippe,Male,4/17/1976,19,4/30/2019
91,Riobard,Matteoni,Male,12/24/1933,45,10/10/2020
92,Clare,Templeton,Male,2/6/1954,20,1/18/2022
93,Clarie,Dawid,Female,8/25/1964,16,9/16/2019
94,Timoteo,Chasmer,Bigender,6/6/1961,60,10/12/2019
95,Giacopo,Managh,Male,6/19/1934,42,8/10/2021
96,Chlo,Frome,Female,11/8/1930,4,5/24/2020
97,Alexandre,Paulson,Male,7/19/1989,43,6/21/2021
98,Mireille,Pantin,Female,10/19/1972,33,5/21/2021
99,Kalil,Trayhorn,Male,7/28/1992,22,4/25/2022
100,Dael,Seviour,Male,3/28/1959,7,6/19/2020
101,Cooper,Coldridge,Male,5/29/1978,39,7/18/2020
102,Kendrick,Murrhaupt,Male,2/20/1985,11,4/28/2019
103,Normie,Gallaher,Male,11/12/1966,53,4/2/2019
104,Malynda,Keech,Female,11/14/1937,24,5/13/2022
105,Dolf,Gremane,Male,9/28/1933,52,9/28/2018
106,Henrietta,Acreman,Bigender,9/26/1988,2,6/11/2019
107,Vidovic,Shortin,Male,10/17/1949,45,7/21/2021
108,Kamila,Dohmer,Female,6/12/1961,32,5/7/2019
109,Kizzie,Curtain,Female,1/27/1972,35,7/2/2020
110,Dean,Renfree,Male,2/12/1950,27,4/11/2022
111,Desiree,Dalgarnocht,Female,6/21/1994,18,10/10/2018
112,Haroun,McKennan,Male,7/31/1984,47,3/21/2022
113,Babs,Pipet,Female,4/1/1943,7,7/14/2021
114,Issiah,Langthorne,Male,4/19/1979,26,5/3/2021
115,Sandi,Lethlay,Female,2/11/1935,9,4/10/2020
116,Elyssa,Schirach,Genderqueer,9/26/1952,58,7/10/2021
117,Jackquelin,Bernath,Female,9/21/1939,35,10/14/2021
118,Rodney,Booth-Jarvis,Polygender,7/12/1938,44,1/18/2022
119,Hayyim,Antal,Male,7/23/1951,2,6/24/2019
120,Daisy,Clout,Female,10/24/1938,44,12/19/2019
121,Buddy,Ettels,Male,4/28/1945,35,3/18/2022
122,Allsun,Cosin,Female,12/22/1972,43,1/19/2019
123,Fae,Fulle,Female,10/16/1930,54,12/17/2021
124,Malachi,Bone,Male,9/11/1991,23,6/5/2021
125,Stinky,Boxen,Male,7/1/1971,43,12/18/2019
126,Jim,Ashenhurst,Male,11/28/1958,52,5/21/2019
127,Malcolm,Ferreiro,Genderqueer,6/19/1989,7,5/23/2021
128,Jayson,Osbourn,Male,10/21/1961,41,4/8/2022
129,Whit,Roulston,Male,8/8/1992,58,5/11/2020
130,Kahaleel,Guiett,Male,12/19/1972,1,6/8/2020
131,Prudi,Fardo,Female,8/14/1953,3,10/27/2019
132,Ophelie,Jarville,Female,2/22/1989,9,6/9/2021
133,Marylin,Bodega,Female,9/24/1932,39,8/1/2020
134,Lannie,Geeson,Male,3/31/1975,37,10/17/2020
135,Burlie,Daubney,Male,6/12/1932,60,3/11/2021
136,Fayette,Kos,Female,7/7/1992,18,4/22/2019
137,Liana,Arnaudot,Female,4/30/1955,60,12/25/2020
138,Danie,Drinkale,Male,1/9/1945,58,2/25/2021
139,Suki,Ocheltree,Female,10/19/1993,28,12/23/2018
140,Cherie,Eble,Female,3/21/1942,44,3/10/2022
141,Jorie,Hicks,Female,1/7/1935,29,12/30/2020
142,Siana,Pennycord,Female,5/24/1993,2,10/11/2021
143,Angelita,Dunnett,Female,9/13/1981,44,10/21/2020
144,Daniele,Prosch,Female,12/1/1972,27,2/6/2022
145,Cosme,Atyea,Male,11/14/1989,33,3/8/2020
146,Leupold,Doncaster,Male,2/11/1982,35,4/6/2019
147,Karly,Tyght,Agender,2/7/1980,19,11/24/2018
148,Roddy,Rene,Non-binary,7/7/1957,42,5/23/2021
149,Carter,Porrett,Male,7/23/1941,16,1/16/2021
150,Teri,Arnaudi,Non-binary,10/13/1930,40,9/27/2019
151,Skipper,Galero,Male,11/28/1988,26,8/27/2020
152,Jedediah,Cattanach,Male,7/23/1973,45,12/14/2021
153,Laurene,Phebey,Female,2/14/1937,47,7/16/2021
154,Kizzee,Freegard,Agender,9/11/1994,24,1/31/2020
155,Dar,Whiley,Male,1/10/1932,21,10/14/2021
156,Cecily,Petrik,Female,8/17/1973,29,1/13/2019
157,Joellen,Oubridge,Female,3/13/1963,19,3/1/2022
158,Bax,Powdrill,Male,12/22/1933,19,3/1/2021
159,Ilysa,Ballendine,Female,8/4/1952,8,9/11/2020
160,Byran,Stoaks,Bigender,10/26/1983,53,11/17/2020
161,Mirna,Le feuvre,Female,6/12/1988,22,2/10/2021
162,Bertie,Szach,Male,5/2/1944,32,1/12/2022
163,Jessee,Menelaws,Polygender,3/8/1935,36,5/10/2020
164,Erick,Gibby,Male,1/13/1989,45,6/28/2021
165,Fons,Firby,Male,12/4/1982,33,4/19/2020
166,Geralda,Nesfield,Female,9/3/1930,24,8/30/2020
167,Roch,Artist,Non-binary,7/15/1977,33,3/3/2020
168,Tedmund,Sackett,Non-binary,10/17/1992,4,1/5/2019
169,Rich,Wein,Non-binary,2/19/1944,58,7/21/2021
170,Maisie,Rummings,Bigender,7/29/1942,39,11/8/2021
171,Olvan,MacRonald,Genderfluid,8/12/1993,55,3/29/2022
172,Chick,Harce,Male,7/14/1989,1,10/25/2019
173,Rossie,Yandle,Male,5/11/1955,7,4/13/2022
174,Rollins,Pechan,Male,11/23/1933,32,12/21/2019
175,Cyril,Whittingham,Male,3/23/1932,16,9/9/2021
176,Fidela,Jackes,Agender,9/8/1972,6,2/4/2021
177,Murielle,Dibner,Genderqueer,1/19/1971,2,5/29/2021
178,Chalmers,Leslie,Male,8/18/1941,11,3/24/2021
179,Phoebe,Chiles,Female,11/21/1979,18,5/22/2022
180,Evanne,Rimour,Female,12/27/1962,20,6/12/2021
181,Rozamond,Kinnen,Female,9/16/1954,2,3/22/2021
182,Wayland,Jose,Male,6/9/1970,55,11/10/2020
183,Abbie,Bowen,Male,10/18/1930,58,3/31/2021
184,Crista,Clurow,Female,1/29/1934,53,10/23/2019
185,Stearne,Blowne,Male,11/4/1977,26,2/21/2019
186,Rena,Trevna,Genderfluid,4/8/1970,33,2/18/2019
187,Smitty,Grove,Male,12/17/1973,42,1/13/2019
188,Carolee,Grishin,Female,12/19/1950,19,2/7/2020
189,Kiel,Catanheira,Male,11/5/1957,1,1/29/2020
190,Filberto,Sonschein,Male,4/8/1949,19,1/7/2021
191,Ketty,Emmerson,Female,6/19/1979,24,4/26/2020
192,Verne,Gopsill,Male,3/10/1957,29,11/28/2018
193,Gaspard,Keling,Male,4/1/1952,4,5/5/2019
194,Dannye,Innott,Female,7/31/1959,40,6/18/2019
195,Nikkie,Bosse,Bigender,2/19/1951,9,7/20/2021
196,Mario,Dungate,Male,2/13/1989,21,5/19/2022
197,Padget,Jannaway,Male,12/20/1944,32,7/19/2019
198,Price,Goshawk,Male,8/30/1963,41,7/10/2020
199,Ram,Tummons,Male,1/18/1973,60,1/29/2021
200,Gabriela,Robion,Female,3/1/1983,37,11/27/2019
