"res_id","first_name","last_name","gender","birthdate","org_id","empl_date"
1,Sheela,Hammonds,Female,1967-10-21,77,2021-01-08
2,Myriam,Bew,Female,1997-01-28,8,2020-08-16
3,Kevan,McIlraith,Male,1997-01-27,86,2020-07-15
4,Olimpia,Brookes,Female,1943-08-20,23,2019-08-18
5,Dur,Hardington,Male,1974-07-18,13,2020-11-30
6,Selma,Wace,Female,1946-04-25,11,2022-03-10
7,Alaster,Castrillo,Male,1964-08-09,34,2018-12-10
8,Cicily,Loftin,Female,1944-09-15,15,2022-01-16
9,Thatch,Trunks,Male,1976-05-28,83,2021-07-05
10,Alvis,Faichnie,Male,1969-01-09,69,2019-01-30
11,Morissa,Levings,Female,1983-08-14,66,2019-08-28
12,Ruddy,O'Lagene,Male,1953-10-08,55,2021-12-24
13,Harman,Wanek,Male,1950-01-21,56,2019-04-29
14,Kaitlyn,Mynett,Genderfluid,1982-11-11,90,2019-10-22
15,Cchaddie,Janda,Male,1994-08-24,60,2020-02-06
16,Reinhard,Thurborn,Male,1942-01-08,88,2019-09-16
17,Art,Bembrick,Male,1952-03-07,81,2018-11-20
18,Goldy,Myott,Female,1983-09-21,31,2022-05-29
19,Devlen,Rosettini,Male,1974-02-23,87,2021-03-30
20,Deanne,Twitty,Female,1976-04-04,14,2021-12-31
21,Barret,Meharry,Genderqueer,1989-08-06,32,2021-06-09
22,Adriana,Getten,Female,1960-11-25,33,2020-12-15
23,Imogene,Montgomery,Female,1947-03-30,76,2019-02-10
24,Dewie,Hurch,Male,1997-04-01,6,2020-05-07
25,Siusan,Peddowe,Female,1942-05-31,53,2020-05-31
26,Adams,Marques,Male,1996-06-26,2,2021-06-19
27,Leigh,Dell Casa,Female,1973-10-04,78,2019-12-26
28,Tasia,Jaimez,Female,1995-03-26,73,2022-06-01
29,Rudiger,Yearnsley,Male,1949-04-20,26,2019-12-06
30,Reid,Crook,Male,1954-05-11,40,2020-06-09
31,Ann,Berwick,Female,1943-09-06,19,2019-07-04
32,Artus,Wynch,Male,1962-06-28,63,2020-08-21
33,Cory,Dowell,Bigender,1941-05-23,62,2021-11-20
34,Lion,Evelyn,Male,1996-11-01,89,2021-02-20
35,Gennifer,Golby,Female,1996-04-29,18,2020-09-29
36,Fredericka,Edworthie,Female,1993-01-15,48,2020-11-25
37,Renado,Gillanders,Male,1952-01-29,50,2022-04-26
38,Donnie,Craker,Male,1988-03-07,58,2019-09-10
39,Emelina,Atwell,Female,1950-06-09,29,2022-04-02
40,Carmelita,Constantine,Agender,1968-02-16,39,2021-03-10
41,Mariellen,Heberden,Female,1957-11-01,45,2020-06-19
42,Becka,Moreman,Female,1987-03-23,4,2019-03-01
43,Bianca,Seligson,Female,1995-05-22,24,2021-05-20
44,Shina,Rowesby,Female,1983-03-27,75,2019-09-25
45,Abbie,Sawer,Female,1996-02-22,3,2021-07-03
46,Martynne,Rounsefell,Female,1993-09-20,10,2021-09-10
47,Hort,Callander,Male,1991-08-10,17,2019-01-09
48,Shirlee,Seifert,Genderqueer,1979-07-08,67,2019-08-17
49,Page,Berrick,Female,1948-04-21,22,2021-08-09
50,Eustacia,Loisi,Female,1947-10-18,35,2020-11-10
51,Renault,Galley,Male,1947-09-22,9,2018-10-20
52,Isabel,Vickars,Female,1992-07-23,12,2022-05-26
53,Shane,Batson,Female,1968-07-02,36,2020-01-25
54,Humfried,Liley,Male,1967-09-26,20,2019-08-18
55,Tybalt,Gabala,Male,1977-10-27,74,2022-05-07
56,Yorgo,Dinan,Male,1955-01-22,64,2020-06-16
57,Dolph,Cubbini,Male,1984-03-20,85,2019-06-19
58,Rivalee,Squier,Female,1982-01-02,37,2019-01-26
59,Elise,O'Neary,Female,1990-12-20,49,2020-07-30
60,Jordan,Tomashov,Male,1953-01-12,47,2020-03-18
61,Pennie,Childrens,Female,1975-09-20,16,2019-12-10
62,Bert,Benford,Female,1940-11-29,61,2019-09-24
63,Fiorenze,Althrope,Female,1982-07-23,84,2019-03-27
64,Lavinie,Parnaby,Female,1946-10-31,52,2021-06-08
65,Jeanna,Kubala,Female,1943-12-12,44,2021-10-06
66,Simone,Bodker,Female,1981-06-01,65,2021-12-03
67,Farand,Bennedsen,Female,1949-11-07,80,2019-04-22
68,Marillin,Dacks,Genderqueer,1988-07-26,21,2020-02-03
69,Wilmer,Gain,Male,1977-07-17,51,2021-07-16
70,Donalt,Cromer,Male,1994-05-06,71,2021-01-06
71,Hunt,Livermore,Male,1951-04-15,5,2019-02-13
72,Petey,Bernucci,Agender,1963-04-27,27,2022-02-04
73,El,Baack,Male,1992-04-21,7,2020-08-27
74,Dunstan,Abramov,Male,1959-11-19,57,2019-05-17
75,Hyacintha,Fligg,Non-binary,1945-11-05,68,2019-12-15
76,Annabella,Domleo,Female,1969-03-29,30,2020-12-07
77,Lynnette,Castellone,Female,1977-07-31,46,2020-01-10
78,Erma,Moulden,Genderqueer,1984-04-30,79,2019-05-28
79,Tiler,Trippack,Male,1981-01-29,59,2021-02-08
80,Fiorenze,Stucksbury,Female,1983-06-04,42,2021-05-31
81,Brigitta,Overel,Female,1983-04-19,41,2021-07-05
82,Cornelia,Bridson,Female,1958-03-11,82,2018-12-13
83,Nickola,Ware,Male,1951-09-16,72,2019-06-18
84,Andi,Kippen,Female,1962-04-24,25,2022-04-27
85,Sianna,Gagie,Female,1954-11-06,54,2021-08-30
86,Lek,Phripp,Male,1953-11-07,1,2018-12-25
87,Hal,Bouda,Male,1991-06-30,28,2021-12-29
88,Antonino,Dowdall,Male,1970-06-19,70,2019-12-17
89,Dyann,Spinella,Female,1968-12-09,38,2022-04-25
90,Helaine,Chiommienti,Female,1963-11-25,43,2019-10-01
91,Sebastian,Burnes,Male,1972-12-10,14,2020-10-15
92,Kristofor,Newbury,Male,1952-12-13,80,2019-05-29
93,Meriel,Whitmore,Female,1960-03-02,86,2021-04-08
94,Clem,Bolesworth,Male,1992-12-24,90,2021-08-17
95,Hamilton,Sibary,Male,1993-10-18,84,2020-02-23
96,Osborne,Trunkfield,Male,1987-02-01,36,2021-07-08
97,Farrel,Jeafferson,Genderqueer,1980-09-21,27,2018-11-05
98,Rolfe,Fincke,Male,1972-06-04,4,2019-12-15
99,Mira,Garnson,Female,1992-12-28,15,2019-02-14
100,Verile,D'Adda,Female,1952-12-31,9,2020-07-12
101,Estella,Bollen,Female,1995-02-09,35,2019-09-17
102,Odey,Stollmeier,Male,1960-07-03,24,2020-03-25
103,Wiley,Bowes,Male,1964-12-12,67,2021-08-15
104,Cory,Pulsford,Female,1970-09-18,64,2019-08-30
105,Gaston,Phillips,Male,1984-05-07,82,2020-04-07
106,Raoul,Roches,Male,1949-02-03,23,2020-01-11
107,Harrietta,MacElane,Female,1951-10-10,10,2021-12-26
108,Anni,Korlat,Female,1976-05-09,66,2021-12-18
109,Codi,Clows,Female,1978-04-12,49,2020-11-27
110,Raimundo,Arnopp,Male,1974-09-10,28,2020-07-23
111,Russell,Easterling,Male,1970-04-09,3,2021-04-15
112,Hyacintha,Woolsey,Female,1966-04-23,39,2020-12-01
113,Skyler,Pepys,Male,1953-05-20,43,2021-06-13
114,Bradley,Turnell,Male,1968-08-30,83,2019-11-19
115,Marlo,Beckhurst,Male,1998-01-21,29,2021-10-20
116,Kimberly,Doerren,Female,1993-10-01,22,2019-05-30
117,Ervin,Doidge,Male,1996-05-25,81,2020-08-04
118,Eilis,Lammertz,Female,1960-02-07,69,2019-06-15
119,Kerr,Argyle,Male,1975-09-11,51,2019-12-28
120,Karel,Macbane,Male,1954-01-07,18,2018-11-26
121,Wynne,Grigolon,Polygender,1991-10-14,5,2021-01-10
122,Khalil,Stockwell,Male,1967-07-29,60,2019-02-14
123,Bax,Quiddihy,Male,1976-03-22,56,2020-07-16
124,Cameron,Grebner,Male,1996-07-22,74,2019-12-07
125,Boniface,Cutress,Male,1953-11-28,46,2019-01-18
126,Pete,Josefsson,Male,1945-06-04,42,2020-08-11
127,Moria,Tytcomb,Female,1948-03-15,57,2020-08-06
128,Ellerey,Mesant,Male,1995-02-22,2,2021-03-16
129,Antonin,Redfearn,Male,1976-05-08,8,2019-03-06
130,Maiga,Gazzard,Female,1988-04-13,59,2020-04-29
131,Silvan,Kepling,Male,1952-12-21,6,2020-09-24
132,Jemmy,MacAnellye,Female,1981-08-16,16,2022-05-13
133,Marlie,Gurden,Agender,1994-04-12,76,2019-06-30
134,Ruy,Simione,Male,1992-07-29,21,2020-02-20
135,Liesa,Mathissen,Female,1954-06-19,61,2020-02-16
136,Gabie,Morsey,Female,1951-06-23,26,2021-12-03
137,Eadmund,Mila,Male,1977-05-26,38,2020-03-21
138,Josh,Poolman,Male,1948-08-15,70,2020-07-05
139,Nat,Rodnight,Female,1974-03-23,44,2020-05-02
140,Fayre,Shea,Female,1997-03-24,78,2019-04-16
141,Rodrique,Cowton,Male,1999-12-25,11,2021-11-26
142,Shaine,Ivancevic,Male,1942-05-30,75,2021-01-09
143,Dotti,Petraitis,Female,1942-06-25,48,2020-11-28
144,Catherina,Way,Female,1959-06-12,31,2021-03-11
145,Ivette,Alabone,Female,1942-06-28,65,2021-04-23
146,Sean,Reddell,Male,1956-06-03,30,2022-01-30
147,Anthia,Habgood,Female,1999-06-06,63,2020-05-30
148,Bonita,Stanford,Female,1979-12-05,7,2020-02-04
149,Stafani,Pauel,Female,1991-09-28,52,2019-10-30
150,Ertha,Leaves,Female,1994-03-04,58,2019-10-09
151,Giana,Mayhow,Female,1969-07-16,89,2021-08-15
152,Brocky,Strode,Male,1960-01-23,1,2018-12-04
153,Meggie,Menendes,Female,1965-10-10,53,2021-04-13
154,Adelaide,Davydenko,Genderfluid,1975-03-26,50,2022-03-25
155,Chris,Anstis,Male,1982-01-17,47,2020-03-14
156,Yoshiko,Battle,Female,1978-06-26,88,2020-02-03
157,Keefe,Heibl,Male,1992-08-22,45,2020-08-02
158,Kev,Prozescky,Male,1940-07-31,87,2019-10-19
159,Claretta,Abrahamsohn,Female,1989-11-03,77,2022-01-06
160,Trstram,Headingham,Male,1989-04-30,79,2020-05-05
161,Minnie,Titchen,Female,1956-04-01,37,2019-10-10
162,Deirdre,Skerm,Female,1976-08-24,32,2021-01-23
163,Matteo,Prose,Male,1962-12-17,19,2021-01-20
164,Bibbie,Cropper,Female,1949-04-13,73,2019-04-13
165,Rodger,Egerton,Male,1988-05-20,17,2021-12-11
166,Aridatha,Gosnoll,Genderfluid,1995-08-06,34,2019-03-14
167,Luz,Burns,Female,1998-04-04,68,2019-08-27
168,Manfred,Rudgerd,Male,1963-04-06,85,2021-04-07
169,Correna,Doggrell,Female,1970-04-14,12,2022-01-21
170,Leodora,Kisby,Female,1995-12-31,41,2020-04-21
171,Clarinda,Gjerde,Polygender,1947-12-20,54,2020-10-05
172,Marcela,Novotni,Female,1979-09-05,13,2019-04-14
173,Gloria,Wittke,Female,1940-07-15,25,2019-10-28
174,Ernestine,Crossby,Female,1962-01-07,40,2018-11-16
175,Maurie,Drust,Agender,1982-12-28,55,2019-09-25
176,Alonzo,Dallaghan,Male,1994-10-14,71,2020-03-18
177,Lucien,Brea,Male,1964-05-23,33,2021-07-26
178,Johnathan,Durnin,Male,1948-03-28,62,2022-04-15
179,Hannah,Slateford,Female,1979-05-16,72,2021-10-25
180,Truman,O'Toole,Male,1973-01-05,18,2018-12-04
181,Alysia,Pachta,Female,1943-03-16,80,2020-06-30
182,Morgen,Farrah,Male,1994-06-09,52,2020-11-16
183,Courtney,Huot,Female,1955-12-12,49,2019-08-01
184,Kurt,Aikenhead,Male,1943-12-07,51,2020-07-31
185,Mureil,Daintry,Female,1966-02-15,39,2018-12-26
186,Shamus,Doubrava,Male,1947-08-25,86,2019-02-11
187,Shelbi,Heinig,Female,1976-02-08,85,2021-04-23
188,Truman,Lapidus,Male,1981-07-15,1,2022-01-30
189,Gustavo,Quickenden,Male,1990-09-17,77,2018-12-24
190,Mose,Peile,Male,1979-07-01,27,2020-05-03
191,Phaidra,Fletcher,Female,1971-02-04,22,2021-12-16
192,Harriett,Nannini,Female,1961-08-16,41,2022-05-09
193,Rolf,de Pinna,Male,1956-10-25,21,2021-07-14
194,Marsha,Houndesome,Female,1941-05-15,78,2021-08-05
195,Chloette,Coper,Female,1946-05-04,81,2021-12-19
196,Gustaf,Pitt,Agender,1964-03-31,25,2020-06-06
197,Chrissy,Elcy,Male,1943-12-07,69,2020-10-31
198,Desmond,Valentim,Male,1947-10-11,55,2020-05-09
199,Alis,Beceril,Female,1941-10-14,30,2020-07-20
200,Yuma,Paddick,Male,1947-01-23,54,2021-08-24
201,Dore,Collcott,Female,1948-04-22,35,2019-12-04
202,Clyve,Crocetti,Male,1990-03-20,31,2022-05-13
203,Lutero,Petrina,Male,1985-11-01,70,2020-04-12
204,Willis,Favell,Male,1941-05-06,66,2020-02-16
205,Norah,Hardistry,Female,1998-06-25,84,2020-06-14
206,Constancia,Ferras,Female,1941-08-18,67,2021-04-14
207,Shaun,Purvey,Male,1998-03-08,62,2020-12-06
208,Nert,Bandy,Female,1988-01-21,61,2021-10-28
209,Gilbert,Gittins,Male,1999-03-08,36,2020-01-25
210,Vevay,Brumbye,Female,1949-04-06,50,2021-03-28
211,Bert,Fronsek,Female,1944-10-14,33,2021-01-30
212,Pauly,O'Nion,Female,1968-10-08,46,2021-12-23
213,Ramonda,Trounce,Female,1972-02-15,29,2021-09-05
214,Dolf,Verrill,Male,1968-11-15,7,2019-01-16
215,Mabel,Cattemull,Female,1945-03-24,14,2019-11-27
216,Edgar,Vlasyev,Male,1987-12-31,71,2019-07-31
217,Loutitia,Coltart,Polygender,1954-03-04,10,2020-02-09
218,Davidson,Gibby,Male,1959-01-14,24,2022-02-15
219,Dasie,MacNish,Female,1978-09-09,34,2021-06-14
220,Beckie,Spriggin,Genderfluid,1987-08-15,40,2021-04-14
221,Luigi,Schwartz,Male,1997-05-31,83,2019-12-06
222,Teddie,Mattaser,Female,1965-12-09,9,2019-07-20
223,Natalie,Oake,Female,1971-04-19,15,2018-10-27
224,Ethyl,Meller,Female,1987-10-19,37,2021-02-02
225,Maressa,Godspeede,Female,1944-11-02,42,2018-11-26
226,Eugen,Clapton,Male,1978-10-02,26,2020-12-27
227,Bucky,Pimlott,Male,1957-08-02,58,2020-11-20
228,Fanechka,Hallede,Female,1960-02-06,88,2019-01-20
229,Anabal,Papachristophorou,Female,1946-02-06,12,2019-01-01
230,Tabbie,Braunds,Female,1947-08-08,47,2022-01-11
231,Donavon,Aves,Male,1967-12-12,56,2021-10-09
232,Vi,Waghorne,Female,1999-05-31,59,2019-03-24
233,Larry,Pelfer,Male,1995-09-05,19,2019-12-07
234,Winston,Lissandre,Male,1962-07-27,72,2020-01-12
235,Erick,Joddens,Male,1949-04-09,32,2020-06-02
236,Evyn,Donat,Male,1968-06-09,60,2020-10-29
237,Pamela,Grigoryov,Female,1941-12-20,79,2020-11-08
238,Rae,McGinly,Female,1973-11-06,8,2019-10-12
239,Stacy,Symson,Male,1960-04-27,13,2019-02-21
240,Dewey,De Cruze,Male,1971-08-15,53,2019-04-25
241,Jon,Greenhouse,Male,1949-10-28,74,2020-11-10
242,Kipp,Rattery,Female,1947-03-25,57,2022-03-31
243,Briney,McElroy,Female,1962-07-25,38,2021-12-14
244,Carmine,Byart,Male,1941-10-19,48,2020-01-28
245,Audrie,Bremmer,Female,1997-08-10,3,2020-05-31
246,Gwynne,Sent,Female,1966-02-12,82,2019-09-29
247,Natalya,Lascell,Female,1941-06-25,87,2018-10-01
248,Carlyle,Nellies,Male,1999-07-04,75,2019-05-13
249,Ewen,Gaughan,Male,1970-11-20,43,2022-04-05
250,Alaine,Boriston,Female,1983-11-10,68,2019-08-11
251,Ross,Pickerill,Male,1989-02-27,89,2018-12-10
252,Cross,Haken,Male,1997-11-30,16,2019-02-23
253,Barris,Petche,Male,1992-08-10,28,2021-05-24
254,Renee,Coathup,Agender,1981-08-05,4,2021-12-19
255,Erick,Pentelo,Male,1964-03-01,2,2020-04-18
256,Bibby,Szubert,Female,1949-08-24,6,2020-02-03
257,Ozzie,McConnachie,Male,1951-06-03,63,2020-12-22
258,Molli,Snaddin,Female,1966-03-23,90,2018-10-15
259,Darcie,Scrooby,Bigender,1950-04-25,20,2021-05-20
260,Ellie,Forgan,Female,1953-10-29,76,2019-11-29
261,Donalt,Cottesford,Male,1966-03-09,44,2019-05-10
262,Brnaby,Maps,Male,1951-03-30,17,2019-12-21
263,Kelby,Tellenbrook,Male,1953-11-12,64,2019-08-15
264,Rogerio,Deetch,Agender,1956-01-24,73,2019-12-27
265,Rorke,Newbegin,Male,1978-05-04,65,2019-12-14
266,Fabian,Skeemer,Male,1944-02-02,45,2019-08-25
267,Mendy,Bothams,Male,1988-07-18,23,2022-03-22
268,Tori,Phillis,Female,1968-03-15,5,2018-12-17
269,Cortney,Frizell,Female,1975-09-15,11,2021-05-23
270,Lev,Wherrett,Male,1971-07-12,42,2021-12-21
271,Rurik,Loughnan,Male,1984-10-16,58,2022-05-03
272,Quintina,McDowall,Agender,1972-09-13,82,2020-08-01
273,Candra,Bauman,Female,1988-12-27,30,2021-09-24
274,Meredeth,Meneghelli,Male,1991-12-22,61,2019-08-10
275,Lutero,Ludlamme,Male,1948-04-05,74,2019-11-17
276,Karissa,Cordelle,Female,1955-04-26,41,2021-02-02
277,Fidole,Bunworth,Male,1982-08-15,88,2020-07-29
278,Geoff,Ridgedell,Bigender,1999-02-15,80,2019-12-17
279,Caresa,Crofthwaite,Female,1941-10-26,84,2020-11-19
280,Tad,Betteriss,Male,1966-12-29,22,2022-02-21
281,Ignatius,Charman,Male,1997-11-11,60,2018-10-16
282,Rodrick,Applegarth,Male,1960-01-24,90,2020-07-28
283,Seumas,Whittlesey,Male,1970-09-04,73,2022-03-22
284,Joly,Brightie,Female,1993-12-27,44,2022-04-21
285,Adelheid,Cornels,Female,1971-10-22,52,2020-02-16
286,Oona,Cawcutt,Female,1969-08-02,43,2020-06-13
287,Johnnie,Paver,Male,1963-05-29,51,2019-07-05
288,Robinett,Mathe,Female,1969-04-18,71,2022-02-21
289,Ulrika,McNelis,Female,1954-12-22,16,2021-10-29
290,Vasilis,Bigmore,Male,1954-07-30,36,2020-12-26
291,Gene,Quilleash,Female,1959-01-02,85,2020-05-17
292,Ezequiel,Tothe,Male,1999-03-14,81,2020-05-25
293,Barrett,Haggett,Male,1996-02-19,50,2019-08-26
294,Conan,Fricke,Male,1970-04-10,5,2021-08-24
295,Brittney,Eye,Female,1969-08-13,9,2021-06-28
296,Darrell,Dugan,Non-binary,1958-09-25,39,2021-07-24
297,Arnaldo,Dumbare,Male,1958-01-08,26,2022-05-26
298,Papagena,Catto,Female,1964-09-04,31,2021-09-22
299,Maggi,Parsonage,Female,1978-05-30,7,2020-08-25
300,Pamelina,Petera,Female,1989-01-30,40,2020-03-02
301,Eran,Lovat,Female,1996-12-23,24,2020-12-27
302,Edita,Laterza,Female,1976-07-11,62,2020-09-15
303,Pancho,Newhouse,Male,1988-08-04,14,2018-12-01
304,Bax,MacPaike,Male,1981-03-21,19,2019-12-21
305,Kathye,Dommerque,Female,1993-07-31,67,2021-02-24
306,Albert,Hellier,Male,1962-12-29,68,2019-06-08
307,Leroi,Kittow,Male,1978-06-05,70,2019-03-03
308,Quincey,Bachnic,Male,1985-06-27,53,2021-06-16
309,Michaelina,Fittall,Female,1993-06-19,56,2018-11-16
310,Carin,Ashfield,Female,1948-11-26,89,2019-12-03
311,Patrick,Heintzsch,Male,1971-02-27,77,2021-07-14
312,Petronella,Mc Corley,Agender,1972-12-17,25,2021-01-03
313,Dalt,Gilcrist,Male,1971-11-10,54,2021-07-23
314,Kassie,Presnell,Female,1994-08-23,86,2021-05-15
315,Richardo,Brunger,Male,1958-10-09,59,2019-01-16
316,Alano,Rubenovic,Male,1987-12-30,1,2020-03-14
317,Cybill,Steed,Female,1966-07-17,6,2020-05-15
318,Blake,Jeays,Male,1976-07-29,12,2019-04-15
319,Willdon,Turfin,Male,1993-06-15,49,2020-12-05
320,Freddi,Gadaud,Female,1952-03-09,11,2022-02-01
321,Gleda,Doige,Female,1962-09-15,35,2022-04-28
322,Kiley,Ockenden,Male,1972-06-06,64,2018-12-07
323,Bruis,Priden,Male,1986-02-10,10,2022-02-07
324,Ailyn,McGhee,Female,1956-10-23,29,2019-07-25
325,Pebrook,Simenet,Male,1944-07-09,76,2019-06-21
326,Dotti,Philippeaux,Female,1945-03-16,57,2020-12-27
327,Redford,Tomblin,Male,1972-12-30,13,2020-08-17
328,Serena,Royle,Female,1973-03-21,72,2018-11-25
329,Merissa,Davenport,Bigender,1994-09-04,38,2019-01-15
330,Brittne,Gabrieli,Bigender,1998-01-26,18,2022-04-13
331,Rodrique,Greep,Male,1947-09-28,37,2021-09-02
332,Samantha,Antram,Female,1997-10-14,23,2020-10-17
333,Enoch,Hellyer,Male,1975-04-23,83,2021-04-05
334,Arnie,Roocroft,Male,1970-12-16,79,2020-12-02
335,Moselle,Emburey,Female,1958-03-31,69,2019-11-01
336,Celestine,Piggrem,Female,1968-06-28,20,2020-10-10
337,Melli,Smurfit,Female,1956-08-24,28,2019-03-05
338,Bobbye,Crooke,Female,1950-11-27,3,2022-05-06
339,Archibold,Cathel,Male,1950-11-05,87,2021-08-16
340,Odette,Pavlishchev,Female,1946-09-18,8,2022-05-24
341,Rosalind,Paish,Female,1973-08-05,47,2020-11-23
342,Kaiser,Loudwell,Male,1953-07-02,27,2021-06-19
343,Dodi,Seamarke,Female,1953-05-29,21,2019-11-12
344,Langsdon,Stitt,Male,1947-07-20,75,2022-01-11
345,Randall,Asgodby,Male,1989-11-03,4,2020-03-06
346,Kiley,Sowle,Male,1986-04-11,17,2019-10-07
347,Jannel,Chinnock,Female,1977-06-19,48,2019-06-15
348,Dorothee,Hardwin,Female,1968-12-05,15,2020-03-10
349,Hedy,Schistl,Female,1942-01-09,78,2021-04-25
350,Danny,Dumsday,Male,1973-11-02,33,2020-12-27
351,Perla,Curran,Female,1962-10-11,2,2020-01-18
352,Maiga,Dulen,Female,1998-12-15,34,2019-07-01
353,Viola,O'Hallihane,Female,1971-02-15,66,2022-04-25
354,Florence,Domenico,Female,1962-01-04,32,2021-04-04
355,Vladamir,Tezure,Male,1946-03-28,65,2020-01-28
356,Fenelia,Pollicatt,Female,1991-03-02,45,2019-11-04
357,Roddy,Gunby,Male,1964-08-26,63,2019-07-15
358,Phil,Wadge,Female,1979-02-15,46,2020-11-15
359,Filberto,Sumshon,Male,1943-09-20,55,2020-11-09
360,Jacquelyn,Rohan,Female,1968-10-16,55,2019-12-26
361,Herrick,Idel,Male,1961-04-24,50,2019-01-03
362,Harriet,Gauchier,Female,1942-11-05,64,2020-04-10
363,Florri,Inchboard,Female,1975-05-29,89,2020-09-04
364,Standford,Gigg,Male,1991-11-30,41,2019-10-18
365,Garvey,Fulk,Male,1966-05-16,17,2020-04-07
366,Emeline,Woolgar,Female,1946-10-16,12,2021-12-31
367,Fowler,Howells,Male,1947-03-07,19,2022-02-19
368,Kimball,Litherborough,Male,1985-08-15,77,2019-12-17
369,Mellie,Petegrew,Female,1941-01-30,27,2020-08-03
370,Fidela,Harradine,Female,1974-08-31,54,2022-05-17
371,Jimmy,Beekmann,Male,1981-08-07,34,2019-04-22
372,Ashla,Rattray,Female,1961-07-29,47,2020-11-30
373,Westbrook,Schechter,Male,1987-09-15,70,2021-04-22
374,Tammie,Marston,Female,1980-11-07,73,2020-10-15
375,Zita,Karp,Female,1951-11-12,35,2020-05-29
376,Lynnet,Taborre,Agender,1959-02-05,58,2021-03-28
377,Dalila,Kliemann,Female,1988-02-28,44,2020-10-21
378,Chandler,Merriott,Male,1956-10-12,46,2020-06-14
379,Burk,Bratty,Male,1943-08-02,59,2020-02-23
380,Dniren,Masdon,Female,1974-08-22,79,2021-11-09
381,Heywood,Flattman,Male,1968-05-30,16,2019-09-05
382,Charmaine,Whilde,Female,1944-12-31,10,2020-03-19
383,Bartholemy,Berget,Male,1942-06-12,60,2019-10-27
384,Brendin,Emerson,Male,1973-07-09,74,2018-11-23
385,Gloria,Fenny,Female,1970-04-17,56,2019-09-21
386,Crawford,Alvey,Male,1946-05-05,82,2019-09-26
387,Bordy,Mugglestone,Male,1959-02-11,37,2019-03-28
388,Ely,Farfoot,Male,1974-10-16,7,2021-04-16
389,Kyle,Gimlet,Genderfluid,1959-08-12,6,2020-04-16
390,Alexandr,Benediktsson,Male,1998-07-04,65,2019-12-20
391,Franny,Murfill,Agender,1975-09-13,31,2022-05-21
392,Kathlin,Cessford,Female,1949-08-12,29,2019-06-27
393,Haslett,Heimes,Male,1944-08-29,25,2021-01-27
394,Sander,Aldersley,Male,1951-11-30,69,2020-10-14
395,Rani,Carlett,Female,1993-09-02,28,2021-11-01
396,Kiersten,Haddick,Female,1990-07-07,86,2019-08-13
397,Uri,Stemp,Male,1945-01-08,39,2022-04-04
398,Lark,Dearnaly,Female,1995-07-26,40,2021-11-06
399,Emmanuel,Sheran,Genderfluid,1991-04-15,18,2022-04-20
400,Inez,Catherick,Female,1982-12-05,51,2021-02-01
401,Nari,Buttrum,Female,1971-02-19,3,2022-03-29
402,Morganne,Giraudot,Female,1983-06-01,85,2021-01-14
403,Clifford,Stickler,Male,1955-08-21,48,2018-10-23
404,Olympia,Cawthra,Female,1994-11-14,13,2022-04-05
405,Danita,Ebbs,Female,1950-04-15,71,2021-10-16
406,Bat,Risborough,Male,1943-03-13,76,2018-09-22
407,Garvin,Muzzullo,Male,1980-07-30,43,2022-06-01
408,Lorain,Le Clercq,Female,1967-05-03,88,2021-02-06
409,Jephthah,Van Dijk,Male,1953-03-05,15,2019-10-23
410,Gavra,Dunphy,Female,1978-07-09,62,2021-07-23
411,Trueman,Divell,Male,1988-12-16,84,2021-06-02
412,Goddart,Critcher,Male,1985-04-30,68,2022-01-01
413,Lyda,Thorneley,Female,1958-10-28,14,2020-12-22
414,Jacki,Di Ruggero,Genderqueer,1984-05-03,57,2019-09-14
415,Tiphanie,Chantree,Genderfluid,1960-03-10,26,2019-09-02
416,Regan,Walliker,Female,1994-04-29,30,2022-04-07
417,Kort,Santen,Male,1989-10-22,61,2021-09-03
418,Bastien,Busain,Male,1985-11-18,53,2021-12-20
419,Graham,McMurty,Male,1981-03-25,49,2019-02-26
420,Donnie,Kloss,Male,1998-11-15,42,2021-01-27
421,Genevieve,Over,Female,1980-08-05,11,2020-02-08
422,Broddie,Rodrigues,Polygender,1944-06-11,24,2021-10-19
423,Arlan,Deners,Male,1963-08-16,80,2021-05-27
424,Glen,Roles,Female,1960-10-19,9,2019-01-18
425,Wenona,Bineham,Female,1985-06-16,20,2019-10-13
426,Adam,Brumby,Male,1976-11-10,32,2020-12-18
427,Sandor,Handscombe,Agender,1997-03-04,90,2018-11-30
428,Modesty,Scouller,Bigender,1980-04-15,83,2019-04-24
429,Margy,Gillings,Female,1943-04-18,75,2019-06-30
430,Ardenia,Mochan,Female,1979-09-21,33,2021-02-08
431,Bette,Jacobs,Bigender,1969-11-21,63,2019-03-01
432,Barbe,Ellison,Female,1985-07-06,36,2020-01-04
433,Yanaton,Hopkins,Male,1977-06-16,23,2018-10-13
434,Dodie,Bremley,Female,1942-10-20,67,2019-02-06
435,Lizzy,Shillitoe,Female,1983-03-13,8,2020-06-03
436,Bride,Cradock,Agender,1959-11-28,45,2019-07-06
437,Hatty,Deary,Female,1944-10-14,81,2020-01-29
438,Daniele,Niven,Female,1959-07-19,66,2020-09-20
439,Karrie,McKeaveney,Female,1944-12-16,78,2020-01-20
440,Barnabas,Balazot,Male,2000-01-24,87,2021-07-01
441,Cristen,Lathey,Female,1955-07-17,2,2019-07-12
442,Reba,Currey,Female,1984-07-31,4,2020-11-25
443,Davie,Wyllie,Male,1967-10-20,1,2019-02-08
444,Hermie,Telega,Male,1950-09-09,72,2021-09-22
445,Barclay,Figgen,Male,1994-02-28,38,2020-05-18
446,Sharla,Welton,Female,1967-10-06,5,2019-10-29
447,Marylin,Ablitt,Female,1943-05-17,21,2019-08-25
448,Derek,Soppit,Genderfluid,1967-05-14,22,2021-08-15
449,Elfrida,Keighly,Female,1945-09-20,76,2019-02-01
450,Sullivan,Lodford,Male,1991-01-30,74,2020-08-31
451,Wadsworth,Eamer,Male,1999-10-05,86,2019-06-02
452,Fawne,Ranken,Female,1946-03-14,65,2020-03-27
453,Bruis,Cornil,Male,1998-09-10,71,2021-07-18
454,Humfrid,Harower,Male,1942-12-11,33,2021-10-10
455,Buckie,Vedmore,Male,1963-09-06,2,2022-04-13
456,Rozamond,Ferrone,Female,1963-01-01,62,2022-02-06
457,Ruben,Grinikhin,Male,1983-04-30,6,2020-06-20
458,Sonnie,Bromige,Male,1952-07-18,47,2019-03-12
459,Cassius,Cabrales,Male,1995-07-06,9,2021-05-09
460,Tarrance,Wooller,Male,1961-05-10,10,2022-01-02
461,Sutherland,Quant,Male,1983-05-22,84,2019-05-07
462,Loraine,Trim,Female,1987-07-02,27,2021-06-11
463,Alvan,Lieber,Male,1999-03-29,63,2021-10-14
464,Chrisse,Teligin,Male,1971-07-30,16,2020-11-05
465,Dietrich,Morena,Male,1984-02-09,11,2019-08-04
466,Katrine,Hurlin,Female,1982-05-05,85,2019-09-22
467,Skelly,Moughtin,Male,1980-01-31,15,2021-04-25
468,Cyril,Crownshaw,Male,1973-08-27,1,2022-03-07
469,Marlin,Bresner,Male,1998-11-03,34,2020-06-09
470,Stewart,Dohmann,Male,1947-12-20,29,2021-05-26
471,Ives,MacPharlain,Male,1998-11-01,17,2020-01-27
472,Steffen,Gawthorpe,Male,2000-06-01,75,2019-11-05
473,Munmro,Jerosch,Male,1951-07-08,87,2021-05-07
474,Willette,Treen,Female,1954-09-14,13,2021-01-19
475,Henka,Neame,Female,1947-08-18,20,2020-12-29
476,Lewes,Dawbery,Male,1956-03-01,38,2021-02-11
477,Cosme,Rennie,Genderfluid,1998-08-28,7,2019-08-02
478,Maisey,Cufley,Non-binary,1960-01-26,8,2020-03-26
479,Matt,Priest,Male,1967-01-19,23,2021-09-04
480,Davina,Balogun,Female,1991-03-10,80,2019-11-01
481,Artair,Brodnecke,Male,1955-07-22,67,2020-03-27
482,Judie,Fevier,Female,1958-09-19,51,2022-01-25
483,Ezekiel,Beau,Male,1994-04-22,72,2022-04-16
484,Rochette,Wasmuth,Female,1988-05-23,3,2021-08-06
485,Obadias,Lowsely,Male,1941-04-11,68,2019-08-05
486,Hunter,Eburne,Male,1955-02-28,55,2021-02-11
487,Arnuad,McGarahan,Male,1997-02-19,18,2020-12-04
488,Roxane,Ritson,Female,1993-06-28,78,2021-09-10
489,Susanna,Onians,Genderfluid,1992-09-08,69,2019-02-05
490,Neddy,Odney,Male,1997-04-23,36,2022-04-27
491,Mattie,Hordell,Male,1977-07-05,37,2021-02-16
492,Brendon,Evetts,Male,1955-06-11,60,2019-10-19
493,Enos,Pieters,Male,1946-02-09,14,2020-03-11
494,Averill,Ivan,Male,1977-11-26,40,2019-11-03
495,Sylvan,Kennedy,Male,1986-01-23,41,2020-04-04
496,Angel,Makiver,Genderqueer,1992-09-14,61,2020-11-27
497,Kamilah,Arnaldi,Female,1959-11-05,48,2019-02-03
498,Trevar,Cooksley,Male,1983-09-19,81,2022-03-14
499,Stearn,Redley,Male,1951-10-30,52,2018-10-07
500,Kerk,Castillon,Male,1964-10-07,31,2021-06-30
501,Jacquelin,Spenceley,Female,1950-02-17,19,2020-11-08
502,Eleonore,Lippi,Polygender,1942-01-23,53,2019-07-06
503,Brian,Tredwell,Male,1959-03-19,50,2019-12-08
504,Dewie,Playdon,Male,1982-02-10,82,2021-06-10
505,Isidora,McVaugh,Female,1995-10-01,46,2022-03-18
506,Harman,Fitter,Male,1985-11-14,90,2019-02-27
507,Tani,Bateman,Female,1951-03-05,22,2021-10-22
508,Herby,Lenglet,Male,1976-09-01,73,2021-11-06
509,Cosmo,Shewon,Male,1995-03-23,57,2022-01-25
510,Rourke,Spinetti,Male,1957-03-23,24,2022-05-01
511,Gwenette,Callaby,Female,1994-09-02,4,2020-01-02
512,Jillene,Palfrie,Female,1946-04-03,79,2020-06-03
513,Kayla,Bauduccio,Female,1944-10-04,12,2020-07-03
514,Rainer,Matthiesen,Male,1981-10-02,39,2019-01-10
515,Gavin,Cordelette,Male,1974-04-16,83,2018-11-27
516,Ricard,Fills,Male,1972-09-12,5,2020-08-18
517,Gerhardine,Carillo,Female,1977-01-30,54,2020-08-11
518,Elnora,Vaughan-Hughes,Female,1987-03-22,89,2020-11-10
519,Marcos,Sherwyn,Agender,1964-11-25,28,2022-01-21
520,Carena,Hans,Genderfluid,1967-05-24,45,2020-08-16
521,Veriee,Arthey,Non-binary,1995-03-03,32,2020-10-06
522,Orin,Bartelli,Male,1997-07-08,44,2022-05-12
523,Eduardo,Worters,Male,1948-11-10,42,2019-05-04
524,Morna,Bakster,Female,1983-09-05,35,2020-03-19
525,Fanni,Flawith,Female,1959-11-03,59,2020-07-12
526,Chev,Heaslip,Male,1971-07-06,43,2021-06-19
527,Nelia,Estcot,Female,1982-01-25,30,2019-09-25
528,Cristionna,Malloy,Female,1960-10-26,49,2020-03-15
529,Jayson,Nurdin,Male,1974-09-14,26,2019-05-27
530,Ursuline,Manuely,Female,1968-03-14,88,2022-02-19
531,Jaye,De Beneditti,Male,1986-04-03,64,2021-10-19
532,Benson,Knivett,Male,1977-12-22,56,2018-10-10
533,Clement,Martinets,Male,1964-01-26,70,2018-10-24
534,Essie,Thurnham,Female,1956-07-14,25,2020-08-24
535,Yuma,Carlile,Male,1957-02-28,58,2019-10-22
536,Arley,McInerney,Male,1991-11-11,21,2019-07-14
537,Francesca,Neillans,Female,1970-02-20,66,2019-07-25
538,Michel,Tomas,Male,1981-03-24,43,2018-12-31
539,Moss,Trafford,Male,1945-10-15,28,2020-10-17
540,Rodolfo,Menichi,Male,1997-11-04,20,2020-08-21
541,Codi,Frankowski,Male,1967-10-19,3,2020-06-27
542,Putnem,Arber,Genderfluid,1942-05-03,57,2020-11-28
543,Darlene,Buxey,Female,1988-10-02,82,2019-03-06
544,Steffi,McVee,Female,1951-01-11,13,2022-01-29
545,Lenora,Suett,Female,1946-11-16,9,2022-01-18
546,Kailey,Greenroad,Female,1954-03-18,85,2022-03-18
547,Norry,Huntriss,Male,1989-02-11,64,2021-11-27
548,Washington,McEntagart,Male,1973-11-30,40,2021-05-09
549,Turner,Buer,Male,1953-03-23,55,2019-01-19
550,Chanda,Clemensen,Female,1945-04-17,18,2021-09-04
551,Trixi,Ashard,Female,1992-09-17,19,2019-03-20
552,Quinton,McMylor,Male,1996-09-06,5,2019-09-22
553,Currey,de Almeida,Male,1993-05-15,32,2019-10-15
554,Kathye,Binne,Female,1985-03-23,26,2021-12-20
555,Webster,Riseam,Male,1943-02-23,50,2020-12-23
556,Lucius,Endrighi,Male,1940-12-25,83,2020-12-20
557,Farand,Oxtiby,Female,1953-10-10,33,2019-03-12
558,Carmel,McPolin,Female,1995-01-26,38,2020-06-06
559,Kelsey,Boost,Male,1977-03-23,23,2021-03-19
560,Ashton,Fentem,Male,1956-10-09,11,2022-04-06
561,Britte,O'Monahan,Female,1985-07-01,25,2019-12-01
562,Scarlet,Jery,Female,1972-01-03,39,2022-01-15
563,Lazare,Gilder,Male,1969-11-01,53,2019-08-07
564,Kristine,Pafford,Female,1986-07-29,30,2020-04-23
565,Earlie,Deverill,Male,1988-12-11,75,2021-12-12
566,Ronica,Petheridge,Female,1963-08-25,36,2020-02-24
567,Hamlen,Muat,Male,1943-01-09,60,2022-05-31
568,Mathias,Weatherall,Male,1977-08-13,41,2019-10-15
569,Derk,Delnevo,Male,1947-10-02,72,2019-12-06
570,Lorelle,Caff,Female,1942-09-29,73,2021-03-14
571,Doy,Camerello,Male,1999-03-15,61,2020-12-19
572,Amery,Gabrieli,Male,1957-01-21,14,2021-08-11
573,Fair,Gronowe,Male,1990-09-15,66,2019-05-07
574,Candra,Manville,Female,1992-06-18,89,2018-10-19
575,Georgi,Hartle,Male,1958-10-27,56,2020-06-21
576,Alyce,Jenkins,Female,1951-01-16,90,2022-05-10
577,Beverly,Darbyshire,Female,1988-04-26,58,2020-03-07
578,Ellwood,Brayson,Male,1952-07-07,34,2020-07-20
579,Olin,Ruskin,Male,1943-08-04,1,2021-08-15
580,Willette,Boyer,Female,1973-08-26,35,2019-03-31
581,Son,Tidmarsh,Male,1954-10-13,29,2019-08-18
582,Ricardo,Scrace,Male,1995-01-09,17,2020-11-29
583,Kerrill,Bourhill,Female,1971-12-14,87,2022-05-11
584,Shandee,Kief,Female,1991-02-06,76,2020-10-12
585,Cecil,Mallan,Male,1979-09-22,54,2018-10-19
586,Alair,Aggott,Male,1961-02-27,46,2021-03-12
587,Mendy,Zaniolo,Genderqueer,1950-05-02,15,2022-04-21
588,Lian,Santus,Agender,1955-08-13,10,2022-03-10
589,Wes,Baudi,Male,1998-12-09,37,2020-12-23
590,Jareb,Donke,Male,1954-11-11,77,2020-03-31
591,Smith,Rockhall,Male,1954-08-09,24,2022-01-19
592,Marissa,Bowes,Female,1953-12-24,2,2020-05-30
593,Babbie,Wynrehame,Female,1968-10-08,74,2021-05-15
594,Vergil,Janous,Male,1984-06-27,6,2019-10-25
595,Marlie,Wightman,Female,1945-12-25,44,2020-08-07
596,Meghann,Swainsbury,Female,1952-11-20,84,2019-05-15
597,Shel,Blair,Female,1998-03-20,21,2021-02-02
598,Mikaela,Kingswood,Female,1968-11-23,59,2018-11-02
599,Hedy,Mincher,Bigender,1970-12-15,31,2021-05-10
600,Lynne,Korneichik,Female,1947-03-16,88,2021-05-09
601,Roddy,Wass,Male,1942-12-10,78,2019-01-19
602,Eal,Chislett,Male,1970-01-24,65,2019-07-06
603,Troy,Mullin,Male,1952-08-24,71,2018-10-31
604,Korey,McElwee,Male,1947-10-21,79,2020-08-08
605,Bobina,Veel,Female,1954-03-15,67,2019-03-19
606,Kerstin,Whitrod,Polygender,1946-01-25,62,2020-10-22
607,Hilton,Rolin,Male,1998-04-28,22,2021-12-05
608,Melitta,Graundisson,Female,1981-05-02,52,2019-11-05
609,Hogan,Lambersen,Male,1977-09-08,47,2020-01-09
610,Erhart,Drysdall,Male,1981-10-21,68,2022-03-15
611,Gannie,Hatto,Male,1956-11-26,51,2021-04-26
612,Eddi,Inch,Female,1982-07-31,80,2021-11-30
613,Cesaro,McKennan,Male,1996-01-30,49,2021-05-21
614,June,Shand,Female,1967-11-20,63,2021-12-02
615,Dicky,Diver,Male,1964-12-11,45,2019-03-25
616,Tobit,Trawin,Male,1978-09-21,81,2021-02-04
617,Bernette,MacGeaney,Female,1983-01-23,86,2021-11-03
618,Emmalyn,Rearie,Female,1980-10-23,48,2019-02-20
619,Rolfe,Code,Male,1970-08-07,42,2022-03-24
620,Walton,Mardling,Agender,1948-08-22,70,2022-03-07
621,Haydon,Bauser,Non-binary,1946-01-23,16,2018-11-03
622,Sherlock,Klarzynski,Male,1995-09-01,27,2021-09-20
623,Chelsy,Hendrikse,Female,1954-12-09,69,2021-06-29
624,Tanitansy,Miners,Female,1942-09-17,8,2019-04-28
625,Eb,Skala,Male,1959-02-01,4,2021-09-22
626,Eustacia,Mafham,Female,1986-10-13,12,2021-06-07
627,Jo ann,Hegg,Female,1945-06-24,7,2020-09-29
628,Melli,Smalecombe,Female,1980-07-29,11,2021-01-08
629,Sinclare,Wills,Male,1968-02-23,32,2019-04-26
630,Marla,Petrishchev,Female,1976-06-18,76,2021-12-28
631,Lea,Wilsone,Female,1943-03-12,37,2020-05-06
632,Joella,Hrihorovich,Female,1998-09-24,55,2022-01-12
633,Beulah,O'Doherty,Female,1996-06-10,9,2021-09-11
634,Evelyn,Brockett,Female,1986-12-07,25,2021-08-30
635,Jessamine,Dowsing,Female,1996-08-02,47,2020-11-19
636,Pauli,Crick,Female,1995-06-15,56,2019-09-14
637,Antonina,Hardiman,Female,1983-09-14,4,2019-08-09
638,Even,Purse,Male,1951-06-23,2,2020-12-12
639,Leisha,Belle,Female,1970-10-27,53,2020-02-19
640,Bertrand,Beetlestone,Male,1942-03-10,44,2020-01-20
641,Rodger,Cordall,Male,1950-03-20,31,2019-07-12
642,Bianka,Galway,Female,1973-07-10,84,2021-03-14
643,Yvette,Dailly,Female,1942-01-25,21,2020-09-07
644,Constancy,Macallam,Genderfluid,1953-11-06,46,2019-02-02
645,Wait,Dumberell,Male,1966-10-20,50,2022-05-31
646,Armstrong,Yeeles,Male,1953-06-27,65,2018-09-29
647,Henrietta,Clubley,Female,1991-04-17,5,2022-01-03
648,Aigneis,Bembrigg,Female,1971-02-16,27,2020-11-24
649,Hayyim,Charon,Male,1986-03-21,64,2019-03-09
650,Davon,de Tocqueville,Male,1953-02-05,10,2021-12-26
651,Brooks,Campsall,Female,1994-11-08,23,2018-12-14
652,Emlyn,Yearne,Female,1950-03-16,71,2020-06-04
653,Duke,Danett,Male,1948-03-11,81,2019-02-11
654,Tate,Enderlein,Female,1962-01-09,73,2020-08-16
655,Everard,Trasler,Male,1945-11-30,66,2020-02-03
656,Jean,Augustin,Female,1968-10-09,68,2019-10-16
657,Ezechiel,Skilling,Male,1954-01-02,43,2020-05-11
658,Maxy,Goadsby,Polygender,1986-09-16,52,2021-04-13
659,Willamina,Muat,Female,1967-01-22,60,2019-09-23
660,Ninnette,Golborne,Female,1941-04-22,29,2020-01-21
661,Wyndham,Barkess,Male,2000-01-25,72,2018-12-10
662,Lawry,Sprigin,Male,1991-10-28,30,2020-06-20
663,Leeland,Gosson,Male,1953-06-16,17,2022-03-17
664,Evelyn,Waber,Female,1969-07-03,40,2020-12-13
665,Anatol,Baughan,Male,1983-09-21,90,2020-03-15
666,Alyss,O'Cannavan,Polygender,1985-07-29,49,2020-10-28
667,Barbabas,Saffran,Male,1951-11-05,79,2019-05-17
668,Beryl,Zanassi,Female,1973-04-27,24,2020-06-29
669,Leontyne,Hellicar,Female,1948-09-06,83,2019-10-28
670,Edy,Turley,Female,1975-05-05,42,2020-08-18
671,Robbert,Mayor,Male,1965-08-22,69,2021-09-30
672,Mariellen,Lifsey,Female,1972-10-26,58,2020-07-08
673,Basile,Golborn,Male,1998-07-20,75,2021-08-25
674,Xavier,Billingham,Male,1941-01-16,41,2020-02-28
675,Nappie,Blazi,Male,1980-06-28,19,2019-05-12
676,Olivie,Slaght,Female,1951-04-27,61,2020-01-16
677,Timothee,Gaylard,Male,1943-04-28,85,2020-08-02
678,Augie,Willmetts,Male,1951-01-04,20,2022-05-22
679,Dyanne,Steel,Female,2000-01-27,3,2020-09-01
680,Murdoch,Hassan,Non-binary,1975-06-05,1,2019-05-03
681,Freddi,Kuhnwald,Female,1957-07-22,82,2021-09-22
682,Engelbert,Meuse,Male,1989-09-19,80,2019-03-01
683,Angus,Murrock,Male,1993-12-18,54,2019-04-22
684,Marin,Mardall,Female,1942-01-14,89,2020-03-28
685,Adrian,Kaiser,Male,1964-02-06,6,2018-11-05
686,Lucia,Lidgett,Female,1955-12-16,8,2021-02-18
687,Emmaline,Bonhomme,Agender,2000-01-10,7,2019-03-27
688,Anselm,Dimitrie,Genderqueer,1971-06-23,63,2020-04-03
689,Chalmers,Crang,Male,1945-10-25,33,2020-05-22
690,Vance,Studdal,Male,1940-06-28,70,2018-10-14
691,Demetra,Broke,Agender,1988-09-17,45,2018-12-14
692,Leona,Stretton,Genderqueer,1945-11-17,67,2022-05-15
693,Nicoli,Doak,Female,1948-11-17,13,2020-04-02
694,Peria,Tamburo,Female,1994-07-15,87,2022-02-22
695,Lurette,Cawtheray,Female,2000-02-02,12,2020-02-12
696,Jule,Cockshoot,Male,1971-01-27,39,2021-08-22
697,Donnamarie,Danby,Female,1971-10-08,62,2021-11-24
698,Dottie,Mettrick,Genderqueer,1982-01-08,28,2020-08-14
699,Vitoria,Sewards,Female,1986-06-20,14,2019-04-16
700,Sayres,Yakhin,Male,1993-07-24,36,2019-11-09
701,Dayle,Drinnan,Female,1980-11-19,86,2022-02-23
702,Tom,Ketcher,Polygender,1954-03-06,34,2022-03-24
703,Melly,Irlam,Female,1944-04-16,15,2021-07-21
704,Corby,Brunke,Male,1943-10-30,16,2018-10-29
705,Hagan,Dombrell,Male,1974-07-13,38,2022-04-22
706,Elijah,Cumming,Male,1981-01-12,18,2020-11-23
707,Brantley,Steljes,Male,1984-01-27,74,2019-03-25
708,Danny,Jays,Female,1986-01-13,59,2019-05-27
709,Fabian,Keele,Male,1998-08-12,22,2020-02-29
710,Wilmette,Wimms,Female,1940-07-04,35,2019-09-09
711,Shellie,Glossop,Female,1992-12-23,26,2019-09-07
712,Winona,Peddel,Female,1950-12-02,51,2019-01-04
713,Rowland,Merchant,Male,1987-03-31,88,2019-04-15
714,Kinna,McGraith,Female,1970-07-03,78,2021-04-12
715,Luke,Ellingworth,Male,1953-11-26,48,2021-04-26
716,Ervin,Guislin,Male,1948-12-28,57,2020-07-18
717,Olivie,Martinson,Female,1971-02-06,45,2020-10-08
718,Selie,Alexsandrovich,Female,1969-03-03,6,2019-03-29
719,Brody,Hillaby,Male,1968-01-22,69,2022-02-03
720,Northrup,Wetherill,Male,1956-03-13,78,2021-01-15
721,Jessamine,Steggals,Female,1976-05-06,50,2022-02-14
722,Cyril,Ianizzi,Male,1948-04-23,8,2021-06-12
723,Yanaton,Baffin,Male,1979-12-25,63,2019-04-11
724,Carie,Winterscale,Female,1993-05-01,76,2019-04-16
725,Noelani,Hulks,Female,1940-12-04,87,2021-05-30
726,Kip,Ostler,Female,1947-07-10,22,2020-09-16
727,Maudie,Pighills,Female,1951-03-16,36,2020-04-24
728,Marika,Esgate,Female,1974-07-29,47,2020-04-29
729,Tobit,Leicester,Polygender,1983-12-26,84,2020-02-13
730,Angelle,Deackes,Non-binary,1946-04-15,40,2022-03-26
731,Oona,Caso,Female,1944-11-20,30,2018-10-15
732,Lynsey,Wood,Female,1966-07-20,2,2022-01-13
733,Bryn,Wandrich,Female,1963-07-06,59,2021-07-28
734,Candide,Proudman,Female,1998-01-17,14,2022-01-17
735,Finlay,Swithenby,Non-binary,1977-05-02,11,2022-02-17
736,Jesselyn,Roma,Female,1965-10-12,61,2021-03-21
737,Norbie,Pylkynyton,Male,1998-06-04,7,2019-01-21
738,Athene,Becken,Female,1974-04-30,44,2020-06-12
739,Aguste,Louis,Non-binary,1956-08-22,4,2021-07-16
740,Care,Bleiman,Male,1983-05-30,21,2020-04-06
741,Dene,Pariss,Non-binary,1994-07-10,80,2020-10-02
742,Dorey,Baudic,Male,1976-05-22,34,2019-11-06
743,Magdaia,Eyer,Female,1982-05-21,58,2021-07-23
744,Trever,Fortoun,Polygender,1998-03-09,29,2019-01-31
745,Man,Danielsson,Male,1988-01-01,13,2018-11-10
746,Garwin,Clowton,Male,1960-12-03,26,2020-06-10
747,Leonhard,Ajean,Male,1945-10-15,65,2020-08-05
748,Ophelia,Brislawn,Female,1977-06-27,66,2022-04-15
749,Jessika,Hacon,Female,1963-10-02,70,2019-05-17
750,Maurizio,Osgarby,Male,1999-04-22,9,2021-09-08
751,Ingar,De Few,Male,1945-04-03,72,2022-05-27
752,Pace,Diggons,Male,1959-01-24,12,2019-02-13
753,Ellissa,Larcier,Female,1973-02-28,79,2020-04-23
754,Nina,McIllroy,Female,1952-10-04,19,2021-03-19
755,Scarface,Melia,Genderfluid,1996-09-09,83,2021-10-06
756,Demott,Mullett,Male,1988-11-02,68,2020-05-03
757,Dell,Chismon,Non-binary,1997-09-25,90,2019-10-25
758,Cristy,Haselwood,Female,1964-03-19,41,2021-07-24
759,Carl,Baus,Male,1968-01-28,86,2021-03-21
760,Mateo,Riddle,Male,1997-03-22,88,2019-02-25
761,Rollin,Causey,Male,1981-02-19,25,2021-02-24
762,Woodie,Raffeorty,Male,1960-04-24,75,2022-05-23
763,Missy,McNevin,Female,1964-04-15,62,2019-04-17
764,Germaine,Jaksic,Male,1942-01-20,43,2020-04-25
765,Cullan,Rabbage,Male,1991-04-06,32,2019-07-21
766,Caryn,Goldstraw,Female,1981-01-15,57,2020-03-09
767,Mohandas,Lygoe,Male,1987-02-19,55,2020-10-04
768,Joellyn,Brumble,Female,1983-10-28,33,2019-05-21
769,Susanetta,Elsay,Female,1968-10-25,23,2019-10-19
770,Coop,Godehard.sf,Male,1950-02-25,64,2021-01-10
771,Lovell,Mirando,Male,1987-07-14,20,2018-10-14
772,Sheffield,Kermit,Genderfluid,1963-11-06,35,2019-06-21
773,Bailey,Benns,Male,1991-03-25,53,2019-01-02
774,Gabriel,Human,Female,1960-08-07,37,2022-01-14
775,Allyn,Tather,Bigender,1995-11-06,3,2022-02-05
776,Johnette,Oseman,Female,1995-06-21,77,2021-06-17
777,Wilden,Kramer,Male,1981-07-10,67,2020-09-02
778,Farrel,Hakonsen,Male,1995-11-06,49,2019-03-31
779,Giordano,Burgon,Male,1953-05-03,85,2022-03-10
780,Kimberlyn,Behrens,Female,1970-03-03,15,2020-06-02
781,Meta,Lidierth,Female,1989-02-24,42,2022-03-04
782,Abraham,Rosenstengel,Male,1955-05-17,1,2021-11-24
783,Cacilie,Penwarden,Female,1965-01-13,31,2021-01-21
784,Joela,Riccelli,Female,1961-09-12,5,2019-11-09
785,Trent,Jewett,Male,1965-04-30,38,2021-11-09
786,Leoine,Joannic,Female,1962-08-20,81,2019-02-13
787,Georgena,Borchardt,Female,1976-03-18,71,2020-01-08
788,Nona,Cresser,Genderqueer,1964-04-20,73,2021-10-31
789,Angelica,Feronet,Female,1994-08-21,18,2021-05-24
790,Meir,Dilger,Male,1976-07-13,60,2021-08-24
791,Elizabeth,Lougheed,Female,1982-05-08,10,2022-02-14
792,Moses,Wellstead,Male,1967-08-27,39,2021-01-27
793,Malchy,Mustoe,Male,1959-04-18,56,2020-01-21
794,Sadye,Trethowan,Female,1947-04-24,17,2021-10-24
795,Erastus,Thairs,Male,1942-07-24,48,2019-10-06
796,Anselma,Grint,Female,1990-08-03,52,2019-12-20
797,Brannon,Murrey,Male,1946-07-30,51,2019-09-13
798,Rubina,Feehery,Female,1994-09-30,28,2022-05-15
799,Gustaf,Wife,Male,1985-04-19,46,2020-09-26
800,Georgina,Aubry,Female,1979-01-10,54,2019-01-25
801,Lucien,Dressel,Male,1952-11-08,16,2021-08-13
802,Terra,Doey,Female,1993-03-26,24,2021-03-02
803,Bell,Fante,Non-binary,1965-05-04,27,2018-10-09
804,Husein,Grote,Male,1964-02-18,89,2019-10-02
805,Janet,Edler,Female,1972-01-02,82,2019-04-24
806,Beverly,Redrup,Female,1995-02-07,74,2019-03-01
807,Michele,Petrowsky,Male,1984-09-16,10,2020-06-21
808,Rufus,Spriddle,Male,1989-04-13,77,2022-02-17
809,Ladonna,Gowen,Female,1978-10-24,17,2020-11-08
810,Sukey,Kopecka,Female,1949-09-23,79,2022-04-20
811,Christoforo,Ubee,Male,1992-03-15,43,2019-02-26
812,Nanny,Jarrett,Female,1952-08-04,36,2021-06-05
813,Wyndham,McNay,Male,1959-06-24,1,2019-08-18
814,Clemmie,McNee,Female,1950-09-13,85,2021-04-23
815,Beilul,Maudsley,Female,1993-11-14,62,2018-11-22
816,Jilli,Bockler,Female,1991-07-22,74,2020-03-29
817,Dayna,Mar,Female,1994-10-12,86,2020-12-14
818,Zaria,Curnick,Female,1975-10-26,28,2021-01-30
819,Laryssa,Pughsley,Female,1953-11-15,3,2022-05-03
820,Theressa,Wharrier,Female,1969-04-25,56,2021-01-11
821,Angie,Cathel,Male,1971-04-20,76,2021-07-10
822,Cathy,Grigaut,Female,1980-01-01,20,2019-04-07
823,Marleen,Tellwright,Female,1993-06-24,90,2021-02-09
824,Marcellus,Millyard,Male,1994-05-21,27,2018-09-27
825,Nollie,Treneer,Male,1966-05-01,82,2019-11-22
826,Noelani,Storrah,Female,1990-08-24,46,2022-01-30
827,Nikolos,Foxon,Agender,1974-12-05,34,2021-10-20
828,Pammi,Christin,Female,1953-09-28,21,2022-05-17
829,Zorana,Prestige,Female,1961-11-07,55,2020-08-16
830,Ermin,Ricciardello,Male,1967-06-15,41,2020-02-27
831,Hedi,Pennazzi,Female,1954-12-19,40,2019-07-26
832,Hoyt,Fliege,Male,1992-01-30,71,2021-10-11
833,Franny,Bailes,Male,1990-10-30,16,2021-09-30
834,Damiano,Polye,Male,1998-01-15,4,2018-12-28
835,Franciskus,Warboy,Male,1973-01-31,18,2018-10-06
836,Ferdinanda,Ranscome,Female,1952-04-15,81,2019-07-07
837,Rab,Pacheco,Male,1966-06-03,23,2021-05-04
838,Emalee,Vigurs,Female,1987-03-24,49,2020-02-24
839,Dasie,Duffin,Female,1958-05-09,83,2019-05-18
840,Deina,Leal,Genderfluid,1984-12-01,12,2021-02-21
841,Brent,Stodd,Male,1953-02-03,57,2021-09-02
842,Olly,Arling,Female,1948-05-31,26,2020-06-22
843,Petr,Klugel,Male,1959-07-07,75,2020-03-10
844,Omero,Matton,Male,1970-09-25,72,2020-06-14
845,Darwin,Croome,Male,1991-10-16,44,2019-05-04
846,Maurice,Kuhnwald,Male,1976-03-02,51,2019-12-01
847,Chere,Libbis,Genderqueer,1945-08-16,84,2021-12-05
848,Waring,Pring,Male,1999-07-04,6,2019-05-08
849,Orin,Healing,Male,1952-06-25,66,2019-07-13
850,Noland,Reedshaw,Male,1978-03-25,59,2019-06-22
851,Abby,Scaysbrook,Male,1952-07-28,15,2020-02-11
852,Shanon,Broadey,Female,1991-12-10,78,2019-05-30
853,Reina,Tezure,Female,1986-03-11,33,2020-09-11
854,Rebecca,Exposito,Female,1958-12-25,53,2018-10-29
855,Craggie,Hazeman,Male,1982-02-04,65,2022-05-03
856,Ulla,Erb,Female,1969-02-08,63,2020-09-12
857,Nedi,Poley,Female,1991-05-09,13,2021-12-02
858,Roley,Taffe,Male,1961-02-25,52,2020-09-27
859,Gigi,Cowser,Female,2000-04-08,39,2019-02-08
860,Tuesday,Tampin,Female,1947-03-16,50,2021-10-29
861,Tamera,Coughan,Female,1944-09-06,31,2019-06-11
862,Ikey,Frostdyke,Male,1990-04-03,89,2020-04-10
863,Fredrika,Treverton,Female,1945-12-01,60,2019-05-18
864,Klement,Antrobus,Male,1972-10-11,68,2021-07-09
865,Friedrich,Buse,Male,1951-04-20,30,2021-08-22
866,Mohandis,Spink,Male,1974-06-12,11,2019-02-27
867,Antonetta,Gillum,Female,1950-10-21,2,2019-06-29
868,Bendicty,Croxon,Male,1945-12-29,54,2019-05-06
869,Rutger,Ogilvy,Male,1976-11-24,61,2019-05-18
870,Hilton,Pedden,Male,1971-11-26,73,2022-05-30
871,Trumaine,Godney,Male,1961-01-11,22,2021-05-16
872,Eadith,Roisen,Female,1960-11-14,32,2019-03-31
873,Elijah,Foux,Male,1988-09-28,64,2019-04-08
874,Dosi,Maddrah,Female,1969-02-17,7,2022-04-02
875,Worden,Rawcliffe,Male,1952-10-27,37,2018-12-31
876,Gerik,Phinn,Genderqueer,1998-10-18,88,2021-01-28
877,Finley,Waring,Male,1986-10-25,9,2021-07-10
878,Beverlee,Flawith,Agender,1987-05-04,87,2019-09-11
879,Elyssa,Hassall,Female,1988-12-26,69,2020-02-28
880,Kamila,Feldmark,Female,1984-07-05,42,2020-07-16
881,Nick,Pinniger,Male,1967-01-04,25,2019-02-08
882,Cristabel,Ocheltree,Non-binary,1987-06-07,29,2019-06-01
883,Merline,Eddow,Agender,1991-07-02,70,2022-02-28
884,Wynnie,Oggers,Female,1973-11-04,48,2021-01-16
885,Murvyn,Ruppert,Male,1950-05-16,24,2020-10-25
886,Trueman,Labbett,Male,1957-04-17,47,2020-05-19
887,Sophia,Gouldbourn,Female,1977-10-05,80,2020-01-17
888,Zachary,Moreinu,Genderfluid,1965-02-03,45,2021-03-07
889,Constantine,Vipan,Male,1965-03-20,19,2021-01-06
890,Hillyer,Geraudy,Male,1943-07-30,35,2021-07-04
891,Carey,Duffitt,Male,1965-07-12,14,2019-04-01
892,Ruttger,Cornelisse,Male,1984-10-23,5,2020-06-09
893,Noland,Tousey,Genderqueer,1970-06-29,8,2021-11-16
894,Kizzee,Vousden,Female,1979-08-26,67,2019-10-02
895,Vittorio,Bicker,Male,1994-07-25,38,2021-08-17
896,Jermayne,Deetch,Male,1947-08-11,58,2019-01-10
897,Shanan,Keighly,Male,1987-08-03,65,2019-07-22
898,Veradis,Gerritsma,Female,1969-03-23,54,2021-11-06
899,Micki,Godber,Female,1973-10-17,36,2018-11-16
900,Zitella,Petre,Female,1967-05-19,40,2022-02-23
901,Nathanial,Higgoe,Male,1948-06-27,7,2022-01-27
902,Arron,Lachaize,Male,1966-06-22,52,2020-06-26
903,Eberhard,Munehay,Male,1972-08-20,38,2018-10-20
904,Gillie,MacTeague,Female,1974-02-10,76,2020-01-10
905,Layne,Brogan,Female,1943-05-04,75,2020-03-22
906,Garrard,Dahlen,Male,1952-04-26,22,2021-09-07
907,Gill,Icke,Male,1946-12-08,77,2021-04-29
908,Fernando,Weafer,Male,1976-03-06,44,2021-11-06
909,Valentijn,Bateson,Male,1947-12-31,62,2018-12-26
910,Euphemia,Heckney,Female,1967-06-07,21,2021-12-07
911,Aaron,Dimbylow,Genderqueer,1974-08-22,70,2018-11-24
912,Curcio,Iacopetti,Male,1996-03-10,59,2020-07-18
913,Lydia,Ludlom,Female,1970-04-30,10,2021-03-31
914,Sheppard,Bomfield,Male,1974-12-29,5,2020-09-04
915,Tarah,Milner,Female,1996-09-10,42,2021-07-08
916,Nan,Dakhov,Female,1951-09-26,68,2022-03-25
917,Perri,Strickland,Genderqueer,1947-08-17,20,2021-09-20
918,Florenza,Sprackling,Female,1964-10-10,89,2019-01-13
919,Titos,Lambshine,Male,1971-10-21,51,2020-09-24
920,Cyrillus,De Blasi,Male,1998-03-11,17,2020-08-17
921,Gillian,Mueller,Female,1963-08-24,6,2019-05-21
922,Sandor,Addinall,Male,1946-05-24,34,2020-07-05
923,Tania,Ferrarese,Female,1970-08-18,48,2020-12-23
924,Thaxter,Rittmeyer,Male,1966-03-07,41,2020-06-03
925,Ogdon,Neylan,Male,1970-12-18,47,2020-03-12
926,Lydie,Scourge,Female,1960-02-02,16,2021-02-15
927,Bianka,Philippou,Female,1966-10-22,56,2022-02-26
928,Llywellyn,Rebbeck,Male,1974-01-26,13,2020-01-02
929,Derrick,Screeton,Male,1975-11-12,78,2019-01-06
930,Zonda,Muzzall,Female,1973-01-14,2,2019-03-07
931,Eb,Critoph,Male,1953-01-25,74,2021-12-26
932,Carl,Champkins,Male,1965-02-12,27,2020-03-02
933,Felizio,Alekseev,Male,1952-01-18,43,2020-07-20
934,Viv,Clibbery,Female,1952-09-11,29,2020-02-10
935,Allyn,Crockford,Female,1979-11-04,1,2022-02-22
936,Anna-maria,Weblin,Female,1958-09-26,24,2020-12-02
937,Artus,Fawdry,Male,1950-02-13,14,2022-05-04
938,Zahara,Dearan,Female,1975-05-03,64,2019-02-23
939,Clio,Caldera,Female,1985-03-31,28,2021-09-27
940,Gerardo,Moorfield,Male,1992-04-01,53,2020-01-28
941,Ilaire,Guido,Male,1973-12-06,37,2020-12-15
942,Mateo,Shatliffe,Male,1965-12-16,4,2018-11-15
943,Lars,Commander,Male,1942-05-21,61,2020-02-05
944,Yule,Fenich,Male,1971-10-20,45,2019-04-09
945,Sena,Leroux,Female,1984-08-14,39,2021-12-24
946,Malva,Garmon,Female,1968-11-27,32,2021-02-16
947,Margalit,O' Mara,Female,1943-03-29,23,2021-06-04
948,Giustino,Eby,Male,1983-02-24,15,2021-02-13
949,Nolie,Petters,Female,1958-03-29,85,2020-11-06
950,Candis,Hardesty,Female,1992-10-02,57,2019-08-08
951,Tait,Cheng,Male,1987-09-05,80,2021-10-25
952,Johannes,Presho,Male,1995-09-06,88,2022-02-10
953,Ulrike,Hoodlass,Female,1983-04-07,55,2019-05-04
954,Sallie,Blizard,Female,1981-10-17,73,2019-12-06
955,Karina,Catterell,Female,1961-03-11,81,2021-08-05
956,Daniel,Daniells,Male,1982-04-28,30,2019-10-07
957,Jesselyn,Giannazzo,Female,1988-10-19,9,2021-06-08
958,Meade,Merton,Male,1990-06-20,63,2022-02-01
959,Saraann,Gregorace,Female,1944-07-01,33,2022-05-06
960,Renaud,Revey,Male,1980-06-04,72,2019-09-30
961,Cristie,Reboul,Polygender,1960-04-22,50,2022-01-13
962,Bamby,Volleth,Female,1982-04-26,82,2021-06-01
963,Claudianus,Lednor,Male,1954-10-07,25,2021-07-21
964,Filmore,Ranby,Male,1992-09-13,46,2020-06-24
965,Harris,Hearnshaw,Male,1950-11-23,84,2021-11-12
966,Durant,Grigoriev,Male,1947-12-29,26,2019-03-27
967,Neall,Cornthwaite,Male,1969-06-18,71,2019-02-19
968,Bonnibelle,Hinken,Female,1971-06-26,90,2019-01-21
969,Meriel,Hassur,Female,1940-06-14,69,2022-02-21
970,Hurlee,Grafom,Male,1970-05-18,83,2018-12-06
971,Mayer,Rucklidge,Male,1951-08-10,79,2018-11-22
972,Carissa,Ellacott,Non-binary,1959-02-24,87,2020-10-10
973,Kellen,Tottem,Male,1999-05-17,12,2020-05-08
974,Ev,McGinnell,Male,1975-12-21,60,2021-04-25
975,Barnabas,Shawel,Male,1947-04-09,11,2019-06-02
976,Dwayne,Bernardot,Male,1997-02-14,49,2018-10-11
977,Bernard,Kondratyuk,Male,1980-08-07,58,2020-04-21
978,Georgie,Pounder,Male,1985-10-15,86,2022-04-17
979,Cynthie,Siaskowski,Female,1981-06-05,31,2019-07-26
980,Albert,Pecht,Male,1990-12-19,3,2018-12-10
981,Olin,Nanelli,Male,1977-03-15,66,2019-06-10
982,Lester,Bernat,Male,1951-04-25,19,2021-05-06
983,Rennie,Kolin,Genderqueer,1967-08-02,18,2019-12-21
984,Mendy,Walduck,Male,1999-08-12,67,2019-12-18
985,Josefina,Schulze,Female,1974-10-07,8,2021-05-15
986,Rianon,Shillan,Female,1991-07-11,35,2019-09-10
987,Charity,Minihan,Female,1987-03-15,5,2021-10-19
988,Merilyn,Shilliday,Female,1967-04-30,69,2021-02-15
989,Levey,Ringrose,Male,1991-11-14,51,2020-04-17
990,Iosep,Sautter,Male,1979-09-12,58,2018-10-10
991,Kayla,O'Callaghan,Female,1972-01-12,7,2022-02-14
992,Ki,Chambers,Female,1964-02-25,52,2018-10-12
993,Carmelita,Filpi,Female,1993-11-14,66,2020-11-04
994,Spence,Girvin,Male,1945-03-22,39,2021-01-01
995,Fiann,Philipot,Female,1996-07-31,34,2018-12-13
996,Doloritas,Horrigan,Female,1959-04-21,40,2020-09-19
997,Axel,Punyer,Male,1980-11-07,43,2019-11-03
998,Rosina,Kenvin,Female,1969-04-02,19,2021-10-29
999,Mabel,Castagne,Non-binary,1966-10-26,46,2022-02-13
1000,Hobard,McKerley,Male,1965-03-04,55,2022-03-19
