"proj_id","title","budget","started_on","ends_on","summary","res_id","prog_id","exec_id","org_id"
1,Enquiry on Chemistry,355652.25,2018-10-17,2020-10-27,"m  nq pnb  mgn d prrn mn, nr rdl m. Vvm vblm g pn. m  nq pnb  mgn d prrn mn, nr rdl m.

m vl g. Vblm rrm rrm nq. nn r grvd m.

Prn d m d nl vnn ln. nn  m j. Mrb  d.",236,14,24,28
2,Study on Mechanical Engineering,931373.6,2019-08-10,2020-10-06,"Lrm pm dlr  m, nr dpng l. Prn r. Prn l.

Vblm qm pn, vr , blnd nn, nrdm n, n. Vblm n pm prm n fb r l  lr pr bl r; D fb mn d. rbr nvll.

D nq d n n vlp lfnd. Dn  dlr. Mrb vl l n qm frngll rhn.",71,49,37,6
3,Enquiry on Anatomy,886007.0,2020-02-29,2023-01-14,nn l. Pllnq g nn. Dn q r g r vhl ndmnm.,495,3,93,88
4,Research on the field of Physics,228558.56,2016-03-18,2018-09-03,F nq. Nll nl. Nn nl.,378,40,88,2
5,Enquiry on Biotechnology,841148.06,2019-05-01,2021-01-28,"Phll n fl. Dn mpr pn  lbr. Nm d.

Prn l d, prr d, nq n, nq , nll. d mn fl.   dlr q d nq vr.",243,18,1,28
6,Enquiry on Anatomy,806043.94,2017-11-27,2018-12-17,"Dn dm nq, vblm g, vlp , lr vl, g. Vblm n pm prm n fb r l  lr pr bl r; Dn phrr, mgn vblm lq lr, r rr lldn m,  m lbr pn pn nn m. ngr  nq.

D bbndm. Mrb nn qm n d l rrm. Nll ll.",965,35,94,2
7,Study on Wave Physics,676435.06,2020-06-05,2023-02-25,Phll  m r. Nll mp. Vvm n fl  pn r vblm.,23,50,86,88
8,Experiment on Physics,761748.4,2017-04-10,2020-09-26,"nn frmnm. Dn  mr g m mpr nvll. Nll nq lbr, nvll g, lfnd l, lr , nbh.

Qq d j  m pn dgnm vblm. Vblm n pm prm n fb r l  lr pr bl r; Nll dpb dlr vl . Dn d j, lldn , p , fg , r.",272,2,14,6
9,Study on Quantum Mechanics,679498.5,2018-09-27,2020-05-01,"Mr nm l, rhn d, vblm  m, r d, rp. ngr lq, m d lbr nvll, rr r dpb g, vl mn ll n  r. Mr ln pn q lbr.

Nllm  m rp lmnm lgl vhl nq. Mrb  pm. ngr  nbh.",418,32,78,6
10,Experiment on Wave Physics,246588.34,2020-09-27,2023-04-13,"F pr fl d l. Mrb m mr, lr , rhn lq, plvnr d, nl. Nn rhn d vl m.",828,5,60,88
11,Enquiry on Physics,708820.7,2018-09-11,2020-09-11,r nn vl n n vlp nnmmy. Mn ndn l  vl. Vvm vl nll g r lmnm pllnq.,177,34,43,6
12,Research on the field of Wave Physics,570560.44,2019-12-16,2021-08-10,"Prn l d, prr d, nq n, nq , nll. d mn fl.   dlr q d nq vr.

ngr  l. Pllnq lr m d. Dn v n.",915,20,82,2
13,Experiment on Geology,632848.2,2016-04-24,2018-07-18,D bbndm. Mrb nn qm n d l rrm. Nll ll.,345,28,42,2
14,Experiment on Biology,952002.2,2017-08-20,2018-11-06,"r m pd, mld n, mprd , mmd vlp, j. n blnd lr nm. Lrm pm dlr  m, nr dpng l.

Prn nrdm mr nn lgl pllnq lr. Phll d pn n pn l ng. Vvm m r, dpng ml, hndrr , vlp v, nl.",415,15,66,75
15,Research on the field of Electrical Engineering,250023.27,2020-08-15,2022-05-17,"Vblm qm pn, vr , blnd nn, nrdm n, n. Vblm n pm prm n fb r l  lr pr bl r; D fb mn d. rbr nvll.

D nq d n n vlp lfnd. Dn  dlr. Mrb vl l n qm frngll rhn.

Mr nm l, rhn d, vblm  m, r d, rp. ngr lq, m d lbr nvll, rr r dpb g, vl mn ll n  r. Mr ln pn q lbr.",107,36,30,88
16,Study on Anatomy,515357.12,2017-05-01,2020-03-25,"Vblm   ln n vnn rq. F ng, dm d rnr mprd, pn rn prm nl,  vlp pn r d g. lqm r vlp.",101,42,92,6
17,Research on the field of Geology,899515.44,2020-05-12,2023-11-26,"Mrb nn l. lqm  m dm n mgn bbndm mprd. Nllm r pd, vnn nn, dl d, ndn , fl.

F pr fl d l. Mrb m mr, lr , rhn lq, plvnr d, nl. Nn rhn d vl m.",642,41,9,88
18,Experiment on Electrical Engineering,444673.12,2019-01-19,2020-06-28,Phll  m r. Nll mp. Vvm n fl  pn r vblm.,444,30,62,6
19,Enquiry on Physics,279780.03,2019-09-14,2023-02-21,n ng. m j. m prm l j.,250,10,32,35
20,Research on the field of Chemistry,683248.2,2019-01-24,2021-09-09,"Lrm pm dlr  m, nr dpng l. Prn r. Prn l.

Vblm qm pn, vr , blnd nn, nrdm n, n. Vblm n pm prm n fb r l  lr pr bl r; D fb mn d. rbr nvll.",522,13,69,28
21,Study on Electrical Engineering,379474.25,2020-06-17,2022-01-28,"Nllm  m rp lmnm lgl vhl nq. Mrb  pm. ngr  nbh.

n q j. Mn rhn lqm l. Mrb q rr d nll lr lq.

Mn l d, ndmnm d, l n, ml d, j. Pllnq vvrr pd  dm. r pllnq vlp d.",404,29,45,88
22,Research on the field of Computer Science,919944.06,2021-11-24,2025-03-17,"Prn blnd. Nm nll. ngr pd j, ln g, ndn g, mp vl, pd.",767,19,97,84
23,Experiment on Wave Physics,198413.95,2019-08-28,2023-04-28,Pllnq  nll. pnd pn. r n pr  mgn vlp l.,224,47,6,3
24,Experiment on Electrical Engineering,416746.3,2016-03-19,2017-12-24,"Mrb nn l. lqm  m dm n mgn bbndm mprd. Nllm r pd, vnn nn, dl d, ndn , fl.

F pr fl d l. Mrb m mr, lr , rhn lq, plvnr d, nl. Nn rhn d vl m.

d g. Nm ng, r mpr pr vlp, qm pd lbr lgl,  m lfnd pd lbr q r. Nllm ml nbh n l.",979,17,61,28
25,Experiment on Chemistry,411902.34,2020-03-14,2022-12-25,"Mrb nn l. lqm  m dm n mgn bbndm mprd. Nllm r pd, vnn nn, dl d, ndn , fl.",327,22,34,88
26,Experiment on Biotechnology,734333.3,2019-11-18,2022-10-04,"Prn nrdm mr nn lgl pllnq lr. Phll d pn n pn l ng. Vvm m r, dpng ml, hndrr , vlp v, nl.

nn l. Pllnq g nn. Dn q r g r vhl ndmnm.",668,7,77,28
27,Study on Computer Science,122061.94,2020-04-06,2023-06-17,"Nll  r d mr vlp lmnm. Nllm vr. Nll fl.

r nn vl n n vlp nnmmy. Mn ndn l  vl. Vvm vl nll g r lmnm pllnq.",654,16,74,52
28,Study on Physics,795456.9,2016-06-21,2018-11-25,"r m pd, mld n, mprd , mmd vlp, j. n blnd lr nm. Lrm pm dlr  m, nr dpng l.

Prn nrdm mr nn lgl pllnq lr. Phll d pn n pn l ng. Vvm m r, dpng ml, hndrr , vlp v, nl.

nn l. Pllnq g nn. Dn q r g r vhl ndmnm.",35,21,2,87
29,Enquiry on Physics,537529.9,2019-12-01,2023-06-18,"d g. Nm ng, r mpr pr vlp, qm pd lbr lgl,  m lfnd pd lbr q r. Nllm ml nbh n l.",46,12,27,1
30,Enquiry on Wave Physics,666896.3,2020-04-23,2022-02-27,"Pllnq  nll. pnd pn. r n pr  mgn vlp l.

m  nq pnb  mgn d prrn mn, nr rdl m. Vvm vblm g pn. m  nq pnb  mgn d prrn mn, nr rdl m.

m vl g. Vblm rrm rrm nq. nn r grvd m.",726,25,22,52
31,Enquiry on Physics,559997.3,2016-05-29,2018-07-25,"Mrb nn l. lqm  m dm n mgn bbndm mprd. Nllm r pd, vnn nn, dl d, ndn , fl.

F pr fl d l. Mrb m mr, lr , rhn lq, plvnr d, nl. Nn rhn d vl m.

d g. Nm ng, r mpr pr vlp, qm pd lbr lgl,  m lfnd pd lbr q r. Nllm ml nbh n l.",219,23,54,75
32,Research on the field of Computer Science,584324.7,2017-09-11,2019-02-26,"nn frmnm. Dn  mr g m mpr nvll. Nll nq lbr, nvll g, lfnd l, lr , nbh.

Qq d j  m pn dgnm vblm. Vblm n pm prm n fb r l  lr pr bl r; Nll dpb dlr vl . Dn d j, lldn , p , fg , r.

Vblm   ln n vnn rq. F ng, dm d rnr mprd, pn rn prm nl,  vlp pn r d g. lqm r vlp.",394,39,5,75
33,Study on Anatomy,866631.9,2021-10-31,2023-08-17,Pllnq  nll. pnd pn. r n pr  mgn vlp l.,464,11,36,40
34,Research on the field of Wave Physics,438703.34,2017-01-08,2019-03-30,"rbr grvd n  nbh. n h hb pl dm. lqm g qm, lldn v, nr g, rrm , lrm.

ngr ndn n vl pm. Prn blnd ln r. Vblm d mgn  nn mmd plr.

Prn blnd. Nm nll. ngr pd j, ln g, ndn g, mp vl, pd.",289,44,44,75
35,Enquiry on Wave Physics,525585.8,2021-10-11,2024-06-07,"Nll  r d mr vlp lmnm. Nllm vr. Nll fl.

r nn vl n n vlp nnmmy. Mn ndn l  vl. Vvm vl nll g r lmnm pllnq.",364,4,55,75
36,Experiment on Chemistry,480953.84,2016-07-09,2018-05-14,"nn frmnm. Dn  mr g m mpr nvll. Nll nq lbr, nvll g, lfnd l, lr , nbh.

Qq d j  m pn dgnm vblm. Vblm n pm prm n fb r l  lr pr bl r; Nll dpb dlr vl . Dn d j, lldn , p , fg , r.

Vblm   ln n vnn rq. F ng, dm d rnr mprd, pn rn prm nl,  vlp pn r d g. lqm r vlp.",509,48,68,75
37,Experiment on Electrical Engineering,990707.1,2019-07-31,2021-04-15,"Prn l d, prr d, nq n, nq , nll. d mn fl.   dlr q d nq vr.

ngr  l. Pllnq lr m d. Dn v n.

Nm lr, lbr nn m plvnr, nll pd llmrpr g,  p nll l  nll. d vl nm  m nn vvrr dpb. Nll p lgl n l.",469,38,85,83
38,Study on Biology,540349.8,2017-10-13,2018-12-23,"Vblm   ln n vnn rq. F ng, dm d rnr mprd, pn rn prm nl,  vlp pn r d g. lqm r vlp.

n ng. m j. m prm l j.",656,46,21,28
39,Research on the field of Anatomy,740359.0,2020-03-03,2022-11-17,"Prn blnd. Nm nll. ngr pd j, ln g, ndn g, mp vl, pd.

Mrb prr lrm d lgl. pnd rnr nq l. n  r, r d, rq n, mp  m, m.

F nq. Nll nl. Nn nl.",282,31,28,52
40,Research on the field of Computer Science,323128.5,2016-03-08,2019-12-21,"Mn rq,   mp mpr,  qm phrr mgn,  nq m pn  nn. Vblm n pm prm n fb r l  lr pr bl r; Mr vvrr dm v qm. pnd pn.

Nllm prr l  rp. Dn pr m v pm. lqm nn mr.",141,43,57,28
41,Study on Computer Science,253871.45,2021-06-25,2024-07-18,"Mr nm l, rhn d, vblm  m, r d, rp. ngr lq, m d lbr nvll, rr r dpb g, vl mn ll n  r. Mr ln pn q lbr.

Nllm  m rp lmnm lgl vhl nq. Mrb  pm. ngr  nbh.",5,27,67,75
42,Enquiry on Computer Science,713473.5,2017-09-18,2020-04-14,"n h hb pl dm. m fb r rn.  ll.

Nll  r d mr vlp lmnm. Nllm vr. Nll fl.",633,24,100,6
43,Experiment on Physics,438223.88,2019-03-27,2020-09-19,"n h hb pl dm. Mrb vblm, vl d prm l, dm r frmnm j, n ndmnm nq pn plr n. Nll j.

lqm q rp g l dl lrq. Mr  m r. pnd mn rr q rp.

d n. Vvm rr. D m g m.",955,45,95,6
44,Enquiry on Geology,252088.52,2017-09-30,2020-12-15,"Nllm prr l  rp. Dn pr m v pm. lqm nn mr.

Mrb nn l. lqm  m dm n mgn bbndm mprd. Nllm r pd, vnn nn, dl d, ndn , fl.",155,26,11,6
45,Experiment on Electrical Engineering,843367.0,2016-07-06,2019-02-01,"m  nq pnb  mgn d prrn mn, nr rdl m. Vvm vblm g pn. m  nq pnb  mgn d prrn mn, nr rdl m.",922,6,12,5
46,Enquiry on Computer Science,852511.44,2016-10-29,2019-07-10,"lqm q rp g l dl lrq. Mr  m r. pnd mn rr q rp.

d n. Vvm rr. D m g m.",878,9,13,28
47,Experiment on Biotechnology,988672.0,2021-05-15,2024-06-04,"Nllm prr l  rp. Dn pr m v pm. lqm nn mr.

Mrb nn l. lqm  m dm n mgn bbndm mprd. Nllm r pd, vnn nn, dl d, ndn , fl.

F pr fl d l. Mrb m mr, lr , rhn lq, plvnr d, nl. Nn rhn d vl m.",652,37,75,37
48,Study on Mechanical Engineering,334473.12,2021-10-27,2025-05-07,"r m pd, mld n, mprd , mmd vlp, j. n blnd lr nm. Lrm pm dlr  m, nr dpng l.",853,33,99,75
49,Experiment on Wave Physics,643657.8,2019-04-29,2021-08-24,"nn l. Pllnq g nn. Dn q r g r vhl ndmnm.

rbr n lbr  m vlp nvll. Mrb d d, lmnm , nrdm , ndn n, l. Mn plvnr lbr .",32,1,65,28
50,Enquiry on Wave Physics,254135.73,2020-03-06,2022-04-21,n h hb pl dm. m fb r rn.  ll.,993,8,26,28
51,Study on Statistics,464930.16,2018-03-03,2021-06-21,"Qq pr vlp r. Qq r r, vvrr g, ng g, mpr rrm, nll. Nn pr.",108,47,71,28
52,Research on the field of Wave Physics,160430.84,2017-04-13,2020-12-27,"Mr nm l, rhn d, vblm  m, r d, rp. ngr lq, m d lbr nvll, rr r dpb g, vl mn ll n  r. Mr ln pn q lbr.

Nllm  m rp lmnm lgl vhl nq. Mrb  pm. ngr  nbh.

n q j. Mn rhn lqm l. Mrb q rr d nll lr lq.",309,5,4,6
53,Research on the field of Physics,871103.9,2022-04-22,2023-05-06,"Qq d j  m pn dgnm vblm. Vblm n pm prm n fb r l  lr pr bl r; Nll dpb dlr vl . Dn d j, lldn , p , fg , r.

Vblm   ln n vnn rq. F ng, dm d rnr mprd, pn rn prm nl,  vlp pn r d g. lqm r vlp.",969,15,40,28
54,Enquiry on Geology,819732.8,2021-12-17,2025-06-25,"d g. Nm ng, r mpr pr vlp, qm pd lbr lgl,  m lfnd pd lbr q r. Nllm ml nbh n l.

Pllnq  nll. pnd pn. r n pr  mgn vlp l.",210,17,76,28
55,Experiment on Biology,615991.5,2019-07-21,2021-02-06,"Mr nm l, rhn d, vblm  m, r d, rp. ngr lq, m d lbr nvll, rr r dpb g, vl mn ll n  r. Mr ln pn q lbr.",249,29,19,28
56,Enquiry on Biology,968822.8,2019-04-10,2021-09-14,"m  nq pnb  mgn d prrn mn, nr rdl m. Vvm vblm g pn. m  nq pnb  mgn d prrn mn, nr rdl m.

m vl g. Vblm rrm rrm nq. nn r grvd m.",223,30,87,28
57,Experiment on Electrical Engineering,552457.1,2020-07-01,2023-10-08,"Dn dm nq, vblm g, vlp , lr vl, g. Vblm n pm prm n fb r l  lr pr bl r; Dn phrr, mgn vblm lq lr, r rr lldn m,  m lbr pn pn nn m. ngr  nq.

D bbndm. Mrb nn qm n d l rrm. Nll ll.",57,27,31,28
58,Study on Geology,925423.44,2022-03-18,2023-06-08,d n. Vvm rr. D m g m.,271,37,8,28
59,Research on the field of Computer Science,801430.9,2019-12-08,2023-04-19,"nn frmnm. Dn  mr g m mpr nvll. Nll nq lbr, nvll g, lfnd l, lr , nbh.",381,21,48,28
60,Research on the field of Statistics,336201.03,2018-07-01,2020-11-05,"Mn  m q g l ndn. Nll mll ml lrm. Qq  r.

rbr grvd n  nbh. n h hb pl dm. lqm g qm, lldn v, nr g, rrm , lrm.",986,18,20,6
61,Experiment on Wave Physics,962000.1,2016-11-08,2017-12-13,"n g d vl nl. D  nbh. F l pr, lq , fg nn, prm q, l.

pnd pn. n lfnd qm  d. n h hb pl dm.",957,4,3,28
62,Experiment on Anatomy,301422.84,2019-07-21,2022-03-14,"Mrb nn l. lqm  m dm n mgn bbndm mprd. Nllm r pd, vnn nn, dl d, ndn , fl.",763,32,41,28
63,Enquiry on Chemistry,936844.9,2017-10-26,2020-09-12,"Qq pr vlp r. Qq r r, vvrr g, ng g, mpr rrm, nll. Nn pr.

Phll n fl. Dn mpr pn  lbr. Nm d.",174,9,18,6
64,Enquiry on Biology,125182.32,2021-08-18,2023-05-07,"ngr  l. Pllnq lr m d. Dn v n.

Nm lr, lbr nn m plvnr, nll pd llmrpr g,  p nll l  nll. d vl nm  m nn vvrr dpb. Nll p lgl n l.

rbr  pm  ll mpr nrdm. Mr llmrpr pr  m nll. Qq r lbr, rrm , lbr vl, dpb , dm.",123,12,53,47
65,Study on Anatomy,677372.4,2016-09-27,2020-03-29,"lqm q rp g l dl lrq. Mr  m r. pnd mn rr q rp.

d n. Vvm rr. D m g m.",796,48,51,6
66,Enquiry on Chemistry,395651.34,2016-10-09,2019-04-28,"Mn l d, ndmnm d, l n, ml d, j. Pllnq vvrr pd  dm. r pllnq vlp d.",616,44,52,45
67,Study on Biology,515827.62,2018-09-29,2022-04-19,Pllnq  nll. pnd pn. r n pr  mgn vlp l.,170,3,84,8
68,Experiment on Chemistry,690987.0,2017-07-15,2020-06-08,"Prn nrdm mr nn lgl pllnq lr. Phll d pn n pn l ng. Vvm m r, dpng ml, hndrr , vlp v, nl.",541,11,59,6
69,Study on Chemistry,867359.56,2017-06-05,2019-03-25,"Dn dm nq, vblm g, vlp , lr vl, g. Vblm n pm prm n fb r l  lr pr bl r; Dn phrr, mgn vblm lq lr, r rr lldn m,  m lbr pn pn nn m. ngr  nq.

D bbndm. Mrb nn qm n d l rrm. Nll ll.

n g d vl nl. D  nbh. F l pr, lq , fg nn, prm q, l.",826,42,64,36
70,Study on Computer Science,379993.47,2019-04-05,2021-08-13,"d n. Vvm rr. D m g m.

nn frmnm. Dn  mr g m mpr nvll. Nll nq lbr, nvll g, lfnd l, lr , nbh.",80,43,56,75
71,Study on Anatomy,133158.88,2018-10-24,2022-07-02,Pllnq  nll. pnd pn. r n pr  mgn vlp l.,562,36,50,75
72,Enquiry on Physics,469037.5,2022-01-29,2024-04-04,"Nll  r d mr vlp lmnm. Nllm vr. Nll fl.

r nn vl n n vlp nnmmy. Mn ndn l  vl. Vvm vl nll g r lmnm pllnq.

Qq pr vlp r. Qq r r, vvrr g, ng g, mpr rrm, nll. Nn pr.",135,10,79,79
73,Study on Statistics,200839.27,2017-01-19,2018-05-13,"n g d vl nl. D  nbh. F l pr, lq , fg nn, prm q, l.

pnd pn. n lfnd qm  d. n h hb pl dm.",339,41,81,14
74,Experiment on Chemistry,379079.75,2016-09-28,2018-06-17,"n ng. m j. m prm l j.

n h hb pl dm. m fb r rn.  ll.",429,39,15,49
75,Experiment on Computer Science,191632.89,2020-08-29,2022-01-09,"Phll  m r. Nll mp. Vvm n fl  pn r vblm.

Prn  m. Nll  nm. n mpr, rp n md lrq, qm rp dpng lrm, v m nbh lgl n m.",304,50,29,50
76,Study on Geology,580017.3,2019-03-22,2021-02-14,"Qq pr vlp r. Qq r r, vvrr g, ng g, mpr rrm, nll. Nn pr.

Phll n fl. Dn mpr pn  lbr. Nm d.

Prn l d, prr d, nq n, nq , nll. d mn fl.   dlr q d nq vr.",270,40,16,77
77,Enquiry on Chemistry,899923.8,2018-09-23,2022-02-23,"n q j. Mn rhn lqm l. Mrb q rr d nll lr lq.

Mn l d, ndmnm d, l n, ml d, j. Pllnq vvrr pd  dm. r pllnq vlp d.

Mn rq,   mp mpr,  qm phrr mgn,  nq m pn  nn. Vblm n pm prm n fb r l  lr pr bl r; Mr vvrr dm v qm. pnd pn.",283,23,49,46
78,Research on the field of Electrical Engineering,627210.2,2020-09-09,2023-11-02,"n h hb pl dm. m fb r rn.  ll.

Nll  r d mr vlp lmnm. Nllm vr. Nll fl.",149,28,63,28
79,Experiment on Geology,723550.25,2020-06-01,2024-01-18,"rbr  pm  ll mpr nrdm. Mr llmrpr pr  m nll. Qq r lbr, rrm , lbr vl, dpb , dm.",158,22,73,28
80,Study on Computer Science,771062.1,2018-05-01,2020-09-15,"lqm q rp g l dl lrq. Mr  m r. pnd mn rr q rp.

d n. Vvm rr. D m g m.",443,20,96,6
81,Research on the field of Mechanical Engineering,193492.11,2021-07-11,2024-05-23,"D lqm nvll nn. Prn  rp  pd pr nnmmy. ngr nn vl.

Dn dm nq, vblm g, vlp , lr vl, g. Vblm n pm prm n fb r l  lr pr bl r; Dn phrr, mgn vblm lq lr, r rr lldn m,  m lbr pn pn nn m. ngr  nq.

D bbndm. Mrb nn qm n d l rrm. Nll ll.",739,35,10,75
82,Research on the field of Statistics,321500.38,2021-07-02,2023-04-28,"n h hb pl dm. Mrb vblm, vl d prm l, dm r frmnm j, n ndmnm nq pn plr n. Nll j.

lqm q rp g l dl lrq. Mr  m r. pnd mn rr q rp.",420,34,72,89
83,Research on the field of Biology,303956.2,2017-05-31,2021-04-13,"pnd pn. n lfnd qm  d. n h hb pl dm.

Mn  m q g l ndn. Nll mll ml lrm. Qq  r.",427,45,89,75
84,Enquiry on Geology,273882.6,2021-11-04,2023-05-26,"Qq d j  m pn dgnm vblm. Vblm n pm prm n fb r l  lr pr bl r; Nll dpb dlr vl . Dn d j, lldn , p , fg , r.

Vblm   ln n vnn rq. F ng, dm d rnr mprd, pn rn prm nl,  vlp pn r d g. lqm r vlp.

n ng. m j. m prm l j.",407,38,39,8
85,Experiment on Statistics,279312.97,2020-11-08,2024-01-01,ngr  l. Pllnq lr m d. Dn v n.,877,8,38,28
86,Experiment on Statistics,137759.84,2018-06-26,2022-01-07,"Nllm prr l  rp. Dn pr m v pm. lqm nn mr.

Mrb nn l. lqm  m dm n mgn bbndm mprd. Nllm r pd, vnn nn, dl d, ndn , fl.",301,13,25,2
87,Study on Wave Physics,370691.8,2019-03-30,2020-09-21,"Mn rq,   mp mpr,  qm phrr mgn,  nq m pn  nn. Vblm n pm prm n fb r l  lr pr bl r; Mr vvrr dm v qm. pnd pn.

Nllm prr l  rp. Dn pr m v pm. lqm nn mr.

Mrb nn l. lqm  m dm n mgn bbndm mprd. Nllm r pd, vnn nn, dl d, ndn , fl.",144,6,83,6
88,Enquiry on Biology,585026.6,2020-04-22,2023-07-04,Nll  r d mr vlp lmnm. Nllm vr. Nll fl.,285,2,70,2
89,Research on the field of Biology,799291.44,2019-07-07,2023-03-03,"nn l. Pllnq g nn. Dn q r g r vhl ndmnm.

rbr n lbr  m vlp nvll. Mrb d d, lmnm , nrdm , ndn n, l. Mn plvnr lbr .

Phll  m r. Nll mp. Vvm n fl  pn r vblm.",115,49,91,2
90,Study on Anatomy,157947.81,2021-06-26,2025-05-03,"Qq d j  m pn dgnm vblm. Vblm n pm prm n fb r l  lr pr bl r; Nll dpb dlr vl . Dn d j, lldn , p , fg , r.

Vblm   ln n vnn rq. F ng, dm d rnr mprd, pn rn prm nl,  vlp pn r d g. lqm r vlp.",470,7,35,2
91,Research on the field of Quantum Mechanics,216228.77,2017-03-02,2018-03-09,"Dn dm nq, vblm g, vlp , lr vl, g. Vblm n pm prm n fb r l  lr pr bl r; Dn phrr, mgn vblm lq lr, r rr lldn m,  m lbr pn pn nn m. ngr  nq.

D bbndm. Mrb nn qm n d l rrm. Nll ll.",164,26,90,2
92,Enquiry on Wave Physics,393741.44,2018-01-12,2020-08-16,"Vblm   ln n vnn rq. F ng, dm d rnr mprd, pn rn prm nl,  vlp pn r d g. lqm r vlp.",299,46,46,6
93,Experiment on Mechanical Engineering,585804.5,2016-07-16,2017-12-04,"Nllm prr l  rp. Dn pr m v pm. lqm nn mr.

Mrb nn l. lqm  m dm n mgn bbndm mprd. Nllm r pd, vnn nn, dl d, ndn , fl.",338,31,58,2
94,Enquiry on Statistics,865506.75,2019-12-13,2022-07-16,"Mrb nn l. lqm  m dm n mgn bbndm mprd. Nllm r pd, vnn nn, dl d, ndn , fl.

F pr fl d l. Mrb m mr, lr , rhn lq, plvnr d, nl. Nn rhn d vl m.

d g. Nm ng, r mpr pr vlp, qm pd lbr lgl,  m lfnd pd lbr q r. Nllm ml nbh n l.",804,1,33,2
95,Research on the field of Quantum Mechanics,584737.0,2019-02-20,2022-10-26,F nq. Nll nl. Nn nl.,649,14,7,2
96,Enquiry on Electrical Engineering,967265.9,2016-04-19,2018-04-24,"Vblm qm pn, vr , blnd nn, nrdm n, n. Vblm n pm prm n fb r l  lr pr bl r; D fb mn d. rbr nvll.",691,25,80,2
97,Enquiry on Anatomy,946340.25,2021-11-09,2023-02-27,"Lrm pm dlr  m, nr dpng l. Prn r. Prn l.

Vblm qm pn, vr , blnd nn, nrdm n, n. Vblm n pm prm n fb r l  lr pr bl r; D fb mn d. rbr nvll.

D nq d n n vlp lfnd. Dn  dlr. Mrb vl l n qm frngll rhn.",453,16,23,2
98,Research on the field of Electrical Engineering,889482.44,2018-05-07,2021-10-08,"Lrm pm dlr  m, nr dpng l. Prn r. Prn l.

Vblm qm pn, vr , blnd nn, nrdm n, n. Vblm n pm prm n fb r l  lr pr bl r; D fb mn d. rbr nvll.",518,19,98,2
99,Study on Anatomy,990880.1,2022-03-06,2023-10-03,"n h hb pl dm. Mrb vblm, vl d prm l, dm r frmnm j, n ndmnm nq pn plr n. Nll j.",958,24,17,2
100,Experiment on Physics,703753.56,2021-03-13,2022-10-19,"pnd pn. n lfnd qm  d. n h hb pl dm.

Mn  m q g l ndn. Nll mll ml lrm. Qq  r.",152,33,70,8
101,Enquiry on Geology,970973.0,2021-02-11,2023-11-18,Pllnq  nll. pnd pn. r n pr  mgn vlp l.,438,43,18,28
102,Research on the field of Wave Physics,881757.56,2022-05-07,2024-10-10,"lqm q rp g l dl lrq. Mr  m r. pnd mn rr q rp.

d n. Vvm rr. D m g m.

nn frmnm. Dn  mr g m mpr nvll. Nll nq lbr, nvll g, lfnd l, lr , nbh.",806,29,75,28
103,Enquiry on Quantum Mechanics,159632.34,2016-08-30,2017-09-24,"ngr ndn n vl pm. Prn blnd ln r. Vblm d mgn  nn mmd plr.

Prn blnd. Nm nll. ngr pd j, ln g, ndn g, mp vl, pd.",62,22,77,28
104,Study on Statistics,186143.31,2016-02-02,2019-03-03,"Prn nrdm mr nn lgl pllnq lr. Phll d pn n pn l ng. Vvm m r, dpng ml, hndrr , vlp v, nl.

nn l. Pllnq g nn. Dn q r g r vhl ndmnm.",924,36,48,28
105,Study on Chemistry,344411.66,2021-03-07,2024-02-01,"Prn l d, prr d, nq n, nq , nll. d mn fl.   dlr q d nq vr.

ngr  l. Pllnq lr m d. Dn v n.",276,30,56,28
106,Enquiry on Computer Science,284070.62,2016-06-26,2017-11-19,"m vl g. Vblm rrm rrm nq. nn r grvd m.

Prn d m d nl vnn ln. nn  m j. Mrb  d.",742,27,99,28
107,Enquiry on Quantum Mechanics,219614.73,2020-09-03,2024-03-24,"Phll n fl. Dn mpr pn  lbr. Nm d.

Prn l d, prr d, nq n, nq , nll. d mn fl.   dlr q d nq vr.",700,25,71,52
108,Experiment on Computer Science,660159.7,2018-09-19,2020-04-04,Mn  m q g l ndn. Nll mll ml lrm. Qq  r.,519,13,94,6
109,Experiment on Electrical Engineering,722978.25,2021-02-17,2022-07-19,"m vl g. Vblm rrm rrm nq. nn r grvd m.

Prn d m d nl vnn ln. nn  m j. Mrb  d.",645,21,8,28
110,Experiment on Biotechnology,417869.2,2016-08-29,2018-08-29,Prn d m d nl vnn ln. nn  m j. Mrb  d.,902,11,59,28
111,Enquiry on Biology,109722.95,2016-12-11,2020-01-31,"rbr n lbr  m vlp nvll. Mrb d d, lmnm , nrdm , ndn n, l. Mn plvnr lbr .",607,31,88,6
112,Research on the field of Wave Physics,355792.06,2020-01-16,2022-06-18,"Qq d j  m pn dgnm vblm. Vblm n pm prm n fb r l  lr pr bl r; Nll dpb dlr vl . Dn d j, lldn , p , fg , r.

Vblm   ln n vnn rq. F ng, dm d rnr mprd, pn rn prm nl,  vlp pn r d g. lqm r vlp.",707,45,68,52
113,Enquiry on Anatomy,416738.78,2021-01-29,2024-02-10,"Lrm pm dlr  m, nr dpng l. Prn r. Prn l.

Vblm qm pn, vr , blnd nn, nrdm n, n. Vblm n pm prm n fb r l  lr pr bl r; D fb mn d. rbr nvll.",6,9,39,28
114,Study on Chemistry,847090.5,2022-05-21,2024-08-28,"Dn dm nq, vblm g, vlp , lr vl, g. Vblm n pm prm n fb r l  lr pr bl r; Dn phrr, mgn vblm lq lr, r rr lldn m,  m lbr pn pn nn m. ngr  nq.",703,49,85,75
115,Experiment on Statistics,181411.84,2019-12-02,2023-03-18,"Prn nrdm mr nn lgl pllnq lr. Phll d pn n pn l ng. Vvm m r, dpng ml, hndrr , vlp v, nl.

nn l. Pllnq g nn. Dn q r g r vhl ndmnm.

rbr n lbr  m vlp nvll. Mrb d d, lmnm , nrdm , ndn n, l. Mn plvnr lbr .",30,4,12,75
116,Experiment on Statistics,573870.0,2019-12-15,2023-08-30,"n ng. m j. m prm l j.

n h hb pl dm. m fb r rn.  ll.",188,47,11,39
117,Enquiry on Mechanical Engineering,777838.6,2018-10-12,2021-03-25,"Lrm pm dlr  m, nr dpng l. Prn r. Prn l.",193,7,33,79
118,Experiment on Physics,728838.75,2019-10-26,2022-06-11,"Prn blnd. Nm nll. ngr pd j, ln g, ndn g, mp vl, pd.

Mrb prr lrm d lgl. pnd rnr nq l. n  r, r d, rq n, mp  m, m.",537,15,9,75
119,Study on Quantum Mechanics,803622.7,2018-05-27,2020-04-12,"lqm q rp g l dl lrq. Mr  m r. pnd mn rr q rp.

d n. Vvm rr. D m g m.

nn frmnm. Dn  mr g m mpr nvll. Nll nq lbr, nvll g, lfnd l, lr , nbh.",513,50,38,6
120,Experiment on Physics,302771.44,2019-07-31,2022-10-05,ngr  l. Pllnq lr m d. Dn v n.,11,39,7,75
121,Enquiry on Chemistry,110564.53,2020-08-24,2021-09-10,"Nll  r d mr vlp lmnm. Nllm vr. Nll fl.

r nn vl n n vlp nnmmy. Mn ndn l  vl. Vvm vl nll g r lmnm pllnq.",601,12,79,52
122,Research on the field of Biotechnology,251633.36,2016-10-13,2018-07-16,Pllnq  nll. pnd pn. r n pr  mgn vlp l.,323,32,91,37
123,Enquiry on Anatomy,437896.6,2022-04-15,2024-03-08,"d g. Nm ng, r mpr pr vlp, qm pd lbr lgl,  m lfnd pd lbr q r. Nllm ml nbh n l.

Pllnq  nll. pnd pn. r n pr  mgn vlp l.

m  nq pnb  mgn d prrn mn, nr rdl m. Vvm vblm g pn. m  nq pnb  mgn d prrn mn, nr rdl m.",622,40,98,83
124,Experiment on Mechanical Engineering,735822.25,2016-10-07,2019-01-11,"D lqm nvll nn. Prn  rp  pd pr nnmmy. ngr nn vl.

Dn dm nq, vblm g, vlp , lr vl, g. Vblm n pm prm n fb r l  lr pr bl r; Dn phrr, mgn vblm lq lr, r rr lldn m,  m lbr pn pn nn m. ngr  nq.

D bbndm. Mrb nn qm n d l rrm. Nll ll.",424,35,62,76
125,Enquiry on Mechanical Engineering,313201.3,2022-04-17,2025-01-10,"Phll n fl. Dn mpr pn  lbr. Nm d.

Prn l d, prr d, nq n, nq , nll. d mn fl.   dlr q d nq vr.",951,34,66,4
126,Study on Geology,104579.47,2021-10-02,2022-10-08,"Qq d j  m pn dgnm vblm. Vblm n pm prm n fb r l  lr pr bl r; Nll dpb dlr vl . Dn d j, lldn , p , fg , r.

Vblm   ln n vnn rq. F ng, dm d rnr mprd, pn rn prm nl,  vlp pn r d g. lqm r vlp.

n ng. m j. m prm l j.",77,10,25,28
127,Research on the field of Anatomy,338107.47,2019-02-11,2020-05-26,"Vblm qm pn, vr , blnd nn, nrdm n, n. Vblm n pm prm n fb r l  lr pr bl r; D fb mn d. rbr nvll.

D nq d n n vlp lfnd. Dn  dlr. Mrb vl l n qm frngll rhn.

Mr nm l, rhn d, vblm  m, r d, rp. ngr lq, m d lbr nvll, rr r dpb g, vl mn ll n  r. Mr ln pn q lbr.",627,46,49,6
128,Experiment on Statistics,907665.44,2019-02-27,2021-08-21,"d g. Nm ng, r mpr pr vlp, qm pd lbr lgl,  m lfnd pd lbr q r. Nllm ml nbh n l.",396,23,41,28
129,Research on the field of Mechanical Engineering,307925.1,2020-12-27,2024-11-11,"D bbndm, fl d nrdm vnn, rp nm blnd m, n prr pd j  m. Dn dpb. D  vl   ng lmnm.",203,48,96,88
130,Study on Quantum Mechanics,548459.3,2016-12-27,2018-01-21,"rbr n lbr  m vlp nvll. Mrb d d, lmnm , nrdm , ndn n, l. Mn plvnr lbr .",459,42,60,84
131,Research on the field of Physics,204925.48,2016-06-12,2017-10-26,"n h hb pl dm. Mrb vblm, vl d prm l, dm r frmnm j, n ndmnm nq pn plr n. Nll j.

lqm q rp g l dl lrq. Mr  m r. pnd mn rr q rp.

d n. Vvm rr. D m g m.",400,8,58,78
132,Experiment on Statistics,345601.94,2016-02-22,2017-04-28,"Mn l d, ndmnm d, l n, ml d, j. Pllnq vvrr pd  dm. r pllnq vlp d.

Mn rq,   mp mpr,  qm phrr mgn,  nq m pn  nn. Vblm n pm prm n fb r l  lr pr bl r; Mr vvrr dm v qm. pnd pn.

Nllm prr l  rp. Dn pr m v pm. lqm nn mr.",749,1,69,43
133,Experiment on Biology,471344.2,2016-09-06,2018-07-15,"Nll  r d mr vlp lmnm. Nllm vr. Nll fl.

r nn vl n n vlp nnmmy. Mn ndn l  vl. Vvm vl nll g r lmnm pllnq.",38,41,80,50
134,Experiment on Anatomy,593858.8,2021-02-16,2024-11-16,"Mn l d, ndmnm d, l n, ml d, j. Pllnq vvrr pd  dm. r pllnq vlp d.

Mn rq,   mp mpr,  qm phrr mgn,  nq m pn  nn. Vblm n pm prm n fb r l  lr pr bl r; Mr vvrr dm v qm. pnd pn.

Nllm prr l  rp. Dn pr m v pm. lqm nn mr.",485,3,1,28
135,Study on Mechanical Engineering,974837.25,2020-12-31,2022-05-16,"n h hb pl dm. m fb r rn.  ll.

Nll  r d mr vlp lmnm. Nllm vr. Nll fl.

r nn vl n n vlp nnmmy. Mn ndn l  vl. Vvm vl nll g r lmnm pllnq.",880,28,74,88
136,Enquiry on Quantum Mechanics,428450.9,2020-12-16,2023-09-26,lqm q rp g l dl lrq. Mr  m r. pnd mn rr q rp.,903,44,6,88
137,Study on Geology,737365.1,2020-07-27,2023-06-08,"Phll n fl. Dn mpr pn  lbr. Nm d.

Prn l d, prr d, nq n, nq , nll. d mn fl.   dlr q d nq vr.

ngr  l. Pllnq lr m d. Dn v n.",336,6,30,88
138,Experiment on Wave Physics,751233.3,2021-12-29,2024-02-17,"Nllm prr l  rp. Dn pr m v pm. lqm nn mr.

Mrb nn l. lqm  m dm n mgn bbndm mprd. Nllm r pd, vnn nn, dl d, ndn , fl.

F pr fl d l. Mrb m mr, lr , rhn lq, plvnr d, nl. Nn rhn d vl m.",102,26,100,28
139,Research on the field of Wave Physics,177798.4,2021-05-08,2024-02-02,"F nq. Nll nl. Nn nl.

D bbndm, fl d nrdm vnn, rp nm blnd m, n prr pd j  m. Dn dpb. D  vl   ng lmnm.",644,37,26,75
140,Experiment on Biotechnology,507060.66,2018-05-21,2021-08-10,"Pllnq  nll. pnd pn. r n pr  mgn vlp l.

m  nq pnb  mgn d prrn mn, nr rdl m. Vvm vblm g pn. m  nq pnb  mgn d prrn mn, nr rdl m.",838,38,93,75
141,Enquiry on Biology,644145.0,2021-05-15,2023-02-19,"Nllm  m rp lmnm lgl vhl nq. Mrb  pm. ngr  nbh.

n q j. Mn rhn lqm l. Mrb q rr d nll lr lq.",173,16,73,82
142,Enquiry on Geology,162315.08,2020-12-12,2024-06-14,"Qq d j  m pn dgnm vblm. Vblm n pm prm n fb r l  lr pr bl r; Nll dpb dlr vl . Dn d j, lldn , p , fg , r.

Vblm   ln n vnn rq. F ng, dm d rnr mprd, pn rn prm nl,  vlp pn r d g. lqm r vlp.",982,19,64,88
143,Research on the field of Mechanical Engineering,135585.23,2017-09-20,2019-07-31,"Nm lr, lbr nn m plvnr, nll pd llmrpr g,  p nll l  nll. d vl nm  m nn vvrr dpb. Nll p lgl n l.

rbr  pm  ll mpr nrdm. Mr llmrpr pr  m nll. Qq r lbr, rrm , lbr vl, dpb , dm.",93,33,67,28
144,Study on Mechanical Engineering,651657.44,2020-07-25,2023-10-17,"r m pd, mld n, mprd , mmd vlp, j. n blnd lr nm. Lrm pm dlr  m, nr dpng l.",716,5,16,88
145,Research on the field of Statistics,497900.84,2020-11-02,2023-06-15,"F pr fl d l. Mrb m mr, lr , rhn lq, plvnr d, nl. Nn rhn d vl m.",885,14,19,36
146,Enquiry on Physics,185358.62,2020-12-04,2024-06-04,"Phll n fl. Dn mpr pn  lbr. Nm d.

Prn l d, prr d, nq n, nq , nll. d mn fl.   dlr q d nq vr.",835,17,17,6
147,Research on the field of Quantum Mechanics,927858.0,2018-02-24,2020-06-11,"d g. Nm ng, r mpr pr vlp, qm pd lbr lgl,  m lfnd pd lbr q r. Nllm ml nbh n l.",879,20,57,6
148,Enquiry on Statistics,772960.9,2022-04-03,2023-12-10,"r m pd, mld n, mprd , mmd vlp, j. n blnd lr nm. Lrm pm dlr  m, nr dpng l.

Prn nrdm mr nn lgl pllnq lr. Phll d pn n pn l ng. Vvm m r, dpng ml, hndrr , vlp v, nl.",953,2,63,75
149,Study on Chemistry,396737.25,2016-12-27,2020-03-30,m vl g. Vblm rrm rrm nq. nn r grvd m.,688,24,53,6
150,Study on Biology,117875.05,2016-10-16,2020-04-21,"D bbndm, fl d nrdm vnn, rp nm blnd m, n prr pd j  m. Dn dpb. D  vl   ng lmnm.

n h hb pl dm. Mrb vblm, vl d prm l, dm r frmnm j, n ndmnm nq pn plr n. Nll j.

lqm q rp g l dl lrq. Mr  m r. pnd mn rr q rp.",499,18,51,6
151,Experiment on Mechanical Engineering,159740.22,2019-02-07,2020-07-02,"lqm q rp g l dl lrq. Mr  m r. pnd mn rr q rp.

d n. Vvm rr. D m g m.

nn frmnm. Dn  mr g m mpr nvll. Nll nq lbr, nvll g, lfnd l, lr , nbh.",663,18,82,6
152,Study on Wave Physics,950023.25,2019-07-14,2021-11-07,"F pr fl d l. Mrb m mr, lr , rhn lq, plvnr d, nl. Nn rhn d vl m.

d g. Nm ng, r mpr pr vlp, qm pd lbr lgl,  m lfnd pd lbr q r. Nllm ml nbh n l.",292,10,37,14
153,Enquiry on Anatomy,568101.5,2020-02-02,2023-08-19,"Nllm prr l  rp. Dn pr m v pm. lqm nn mr.

Mrb nn l. lqm  m dm n mgn bbndm mprd. Nllm r pd, vnn nn, dl d, ndn , fl.

F pr fl d l. Mrb m mr, lr , rhn lq, plvnr d, nl. Nn rhn d vl m.",672,35,3,2
154,Study on Biology,235429.38,2020-03-31,2021-10-11,"D bbndm, fl d nrdm vnn, rp nm blnd m, n prr pd j  m. Dn dpb. D  vl   ng lmnm.",344,22,50,75
155,Research on the field of Physics,645747.25,2019-07-14,2021-09-02,"m  nq pnb  mgn d prrn mn, nr rdl m. Vvm vblm g pn. m  nq pnb  mgn d prrn mn, nr rdl m.

m vl g. Vblm rrm rrm nq. nn r grvd m.",701,49,52,2
156,Research on the field of Anatomy,872168.3,2017-02-12,2021-01-01,"Prn l d, prr d, nq n, nq , nll. d mn fl.   dlr q d nq vr.

ngr  l. Pllnq lr m d. Dn v n.

Nm lr, lbr nn m plvnr, nll pd llmrpr g,  p nll l  nll. d vl nm  m nn vvrr dpb. Nll p lgl n l.",114,4,27,2
157,Study on Quantum Mechanics,950733.9,2019-08-18,2020-11-19,D nq d n n vlp lfnd. Dn  dlr. Mrb vl l n qm frngll rhn.,996,32,97,6
158,Study on Mechanical Engineering,384374.47,2021-01-13,2023-10-08,"Vblm qm pn, vr , blnd nn, nrdm n, n. Vblm n pm prm n fb r l  lr pr bl r; D fb mn d. rbr nvll.

D nq d n n vlp lfnd. Dn  dlr. Mrb vl l n qm frngll rhn.",711,21,40,2
159,Research on the field of Chemistry,393408.84,2021-02-15,2022-09-11,"F pr fl d l. Mrb m mr, lr , rhn lq, plvnr d, nl. Nn rhn d vl m.

d g. Nm ng, r mpr pr vlp, qm pd lbr lgl,  m lfnd pd lbr q r. Nllm ml nbh n l.",194,16,32,2
160,Enquiry on Geology,599167.7,2018-01-12,2019-11-17,"Lrm pm dlr  m, nr dpng l. Prn r. Prn l.

Vblm qm pn, vr , blnd nn, nrdm n, n. Vblm n pm prm n fb r l  lr pr bl r; D fb mn d. rbr nvll.

D nq d n n vlp lfnd. Dn  dlr. Mrb vl l n qm frngll rhn.",677,41,2,2
161,Enquiry on Wave Physics,766782.9,2017-01-15,2020-05-06,"Mn l d, ndmnm d, l n, ml d, j. Pllnq vvrr pd  dm. r pllnq vlp d.

Mn rq,   mp mpr,  qm phrr mgn,  nq m pn  nn. Vblm n pm prm n fb r l  lr pr bl r; Mr vvrr dm v qm. pnd pn.

Nllm prr l  rp. Dn pr m v pm. lqm nn mr.",189,15,78,2
162,Experiment on Statistics,582937.4,2018-08-18,2021-02-14,"Nllm prr l  rp. Dn pr m v pm. lqm nn mr.

Mrb nn l. lqm  m dm n mgn bbndm mprd. Nllm r pd, vnn nn, dl d, ndn , fl.",862,27,72,2
163,Experiment on Wave Physics,389468.62,2018-11-28,2022-02-03,"Lrm pm dlr  m, nr dpng l. Prn r. Prn l.

Vblm qm pn, vr , blnd nn, nrdm n, n. Vblm n pm prm n fb r l  lr pr bl r; D fb mn d. rbr nvll.

D nq d n n vlp lfnd. Dn  dlr. Mrb vl l n qm frngll rhn.",139,12,81,2
164,Experiment on Chemistry,749846.06,2021-03-26,2022-04-16,"Mrb prr lrm d lgl. pnd rnr nq l. n  r, r d, rq n, mp  m, m.",85,5,43,2
165,Research on the field of Computer Science,738005.3,2022-02-22,2023-07-17,"Mrb nn l. lqm  m dm n mgn bbndm mprd. Nllm r pd, vnn nn, dl d, ndn , fl.

F pr fl d l. Mrb m mr, lr , rhn lq, plvnr d, nl. Nn rhn d vl m.

d g. Nm ng, r mpr pr vlp, qm pd lbr lgl,  m lfnd pd lbr q r. Nllm ml nbh n l.",983,24,55,2
166,Experiment on Mechanical Engineering,444343.97,2020-12-16,2024-02-05,"n h hb pl dm. Mrb vblm, vl d prm l, dm r frmnm j, n ndmnm nq pn plr n. Nll j.

lqm q rp g l dl lrq. Mr  m r. pnd mn rr q rp.",479,14,34,28
167,Enquiry on Statistics,994396.5,2019-11-04,2022-08-20,"Mr nm l, rhn d, vblm  m, r d, rp. ngr lq, m d lbr nvll, rr r dpb g, vl mn ll n  r. Mr ln pn q lbr.",571,40,92,2
168,Enquiry on Biotechnology,370633.34,2019-07-01,2023-04-13,"ngr  l. Pllnq lr m d. Dn v n.

Nm lr, lbr nn m plvnr, nll pd llmrpr g,  p nll l  nll. d vl nm  m nn vvrr dpb. Nll p lgl n l.",844,20,83,2
169,Research on the field of Statistics,245493.98,2020-04-08,2022-06-09,"D bbndm, fl d nrdm vnn, rp nm blnd m, n prr pd j  m. Dn dpb. D  vl   ng lmnm.

n h hb pl dm. Mrb vblm, vl d prm l, dm r frmnm j, n ndmnm nq pn plr n. Nll j.",341,19,4,46
170,Study on Statistics,805522.5,2020-07-28,2022-08-04,D nq d n n vlp lfnd. Dn  dlr. Mrb vl l n qm frngll rhn.,198,11,10,28
171,Experiment on Geology,452999.6,2019-11-23,2021-01-08,"ngr ndn n vl pm. Prn blnd ln r. Vblm d mgn  nn mmd plr.

Prn blnd. Nm nll. ngr pd j, ln g, ndn g, mp vl, pd.",995,50,89,75
172,Enquiry on Mechanical Engineering,134467.16,2016-07-03,2019-05-26,"D bbndm. Mrb nn qm n d l rrm. Nll ll.

n g d vl nl. D  nbh. F l pr, lq , fg nn, prm q, l.",964,23,90,28
173,Enquiry on Biotechnology,625944.6,2022-05-24,2024-03-10,"D lqm nvll nn. Prn  rp  pd pr nnmmy. ngr nn vl.

Dn dm nq, vblm g, vlp , lr vl, g. Vblm n pm prm n fb r l  lr pr bl r; Dn phrr, mgn vblm lq lr, r rr lldn m,  m lbr pn pn nn m. ngr  nq.",600,31,76,35
174,Enquiry on Anatomy,965564.1,2021-05-11,2023-09-15,n q j. Mn rhn lqm l. Mrb q rr d nll lr lq.,410,8,87,28
175,Research on the field of Biotechnology,129180.23,2017-05-12,2019-01-19,D lqm nvll nn. Prn  rp  pd pr nnmmy. ngr nn vl.,233,34,23,5
176,Enquiry on Computer Science,885769.8,2020-07-10,2023-03-07,"d g. Nm ng, r mpr pr vlp, qm pd lbr lgl,  m lfnd pd lbr q r. Nllm ml nbh n l.",42,46,31,87
177,Research on the field of Computer Science,999484.3,2017-01-27,2020-04-08,"ngr ndn n vl pm. Prn blnd ln r. Vblm d mgn  nn mmd plr.

Prn blnd. Nm nll. ngr pd j, ln g, ndn g, mp vl, pd.",819,33,29,41
178,Study on Wave Physics,896192.4,2016-07-22,2017-11-12,"Dn dm nq, vblm g, vlp , lr vl, g. Vblm n pm prm n fb r l  lr pr bl r; Dn phrr, mgn vblm lq lr, r rr lldn m,  m lbr pn pn nn m. ngr  nq.

D bbndm. Mrb nn qm n d l rrm. Nll ll.

n g d vl nl. D  nbh. F l pr, lq , fg nn, prm q, l.",640,3,28,86
179,Enquiry on Statistics,932437.56,2017-01-11,2020-09-11,"Nllm prr l  rp. Dn pr m v pm. lqm nn mr.

Mrb nn l. lqm  m dm n mgn bbndm mprd. Nllm r pd, vnn nn, dl d, ndn , fl.

F pr fl d l. Mrb m mr, lr , rhn lq, plvnr d, nl. Nn rhn d vl m.",799,36,22,38
180,Research on the field of Biotechnology,549206.94,2017-01-31,2020-05-12,Pllnq  nll. pnd pn. r n pr  mgn vlp l.,530,42,5,75
181,Enquiry on Geology,103713.4,2021-12-05,2024-05-01,"ngr  l. Pllnq lr m d. Dn v n.

Nm lr, lbr nn m plvnr, nll pd llmrpr g,  p nll l  nll. d vl nm  m nn vvrr dpb. Nll p lgl n l.

rbr  pm  ll mpr nrdm. Mr llmrpr pr  m nll. Qq r lbr, rrm , lbr vl, dpb , dm.",791,38,24,51
182,Experiment on Anatomy,979218.56,2021-06-09,2024-04-19,"Vblm   ln n vnn rq. F ng, dm d rnr mprd, pn rn prm nl,  vlp pn r d g. lqm r vlp.",237,9,42,40
183,Experiment on Biology,427622.2,2019-03-28,2021-06-10,"Prn  m. Nll  nm. n mpr, rp n md lrq, qm rp dpng lrm, v m nbh lgl n m.

D lqm nvll nn. Prn  rp  pd pr nnmmy. ngr nn vl.

Dn dm nq, vblm g, vlp , lr vl, g. Vblm n pm prm n fb r l  lr pr bl r; Dn phrr, mgn vblm lq lr, r rr lldn m,  m lbr pn pn nn m. ngr  nq.",439,30,20,87
184,Study on Quantum Mechanics,951961.7,2019-06-04,2022-12-10,"D lqm nvll nn. Prn  rp  pd pr nnmmy. ngr nn vl.

Dn dm nq, vblm g, vlp , lr vl, g. Vblm n pm prm n fb r l  lr pr bl r; Dn phrr, mgn vblm lq lr, r rr lldn m,  m lbr pn pn nn m. ngr  nq.

D bbndm. Mrb nn qm n d l rrm. Nll ll.",770,2,84,75
185,Experiment on Physics,213837.47,2021-07-19,2024-01-25,d n. Vvm rr. D m g m.,372,29,46,43
186,Study on Geology,895253.0,2019-06-13,2023-01-13,"m vl g. Vblm rrm rrm nq. nn r grvd m.

Prn d m d nl vnn ln. nn  m j. Mrb  d.

r m pd, mld n, mprd , mmd vlp, j. n blnd lr nm. Lrm pm dlr  m, nr dpng l.",4,39,54,82
187,Research on the field of Wave Physics,405903.2,2020-04-01,2023-11-18,"pnd pn. n lfnd qm  d. n h hb pl dm.

Mn  m q g l ndn. Nll mll ml lrm. Qq  r.",280,6,35,52
188,Study on Anatomy,882849.9,2021-03-10,2023-05-03,"Phll  m r. Nll mp. Vvm n fl  pn r vblm.

Prn  m. Nll  nm. n mpr, rp n md lrq, qm rp dpng lrm, v m nbh lgl n m.

D lqm nvll nn. Prn  rp  pd pr nnmmy. ngr nn vl.",305,25,65,39
189,Experiment on Mechanical Engineering,332133.34,2017-11-21,2020-07-18,"Mrb nn l. lqm  m dm n mgn bbndm mprd. Nllm r pd, vnn nn, dl d, ndn , fl.

F pr fl d l. Mrb m mr, lr , rhn lq, plvnr d, nl. Nn rhn d vl m.",159,48,45,28
190,Enquiry on Geology,536704.0,2017-07-02,2021-02-10,"Qq d j  m pn dgnm vblm. Vblm n pm prm n fb r l  lr pr bl r; Nll dpb dlr vl . Dn d j, lldn , p , fg , r.",759,17,44,28
191,Enquiry on Chemistry,562893.0,2019-09-27,2021-04-14,"Lrm pm dlr  m, nr dpng l. Prn r. Prn l.",727,28,15,49
192,Enquiry on Anatomy,411781.84,2016-09-02,2017-10-29,"Vblm qm pn, vr , blnd nn, nrdm n, n. Vblm n pm prm n fb r l  lr pr bl r; D fb mn d. rbr nvll.

D nq d n n vlp lfnd. Dn  dlr. Mrb vl l n qm frngll rhn.",247,7,61,8
193,Enquiry on Mechanical Engineering,781117.56,2017-08-15,2020-01-08,"Phll  m r. Nll mp. Vvm n fl  pn r vblm.

Prn  m. Nll  nm. n mpr, rp n md lrq, qm rp dpng lrm, v m nbh lgl n m.

D lqm nvll nn. Prn  rp  pd pr nnmmy. ngr nn vl.",778,45,21,75
194,Research on the field of Computer Science,846688.6,2017-09-04,2018-09-06,"Pllnq  nll. pnd pn. r n pr  mgn vlp l.

m  nq pnb  mgn d prrn mn, nr rdl m. Vvm vblm g pn. m  nq pnb  mgn d prrn mn, nr rdl m.

m vl g. Vblm rrm rrm nq. nn r grvd m.",60,13,86,28
195,Study on Statistics,451447.47,2020-05-14,2022-02-19,"Mn rq,   mp mpr,  qm phrr mgn,  nq m pn  nn. Vblm n pm prm n fb r l  lr pr bl r; Mr vvrr dm v qm. pnd pn.

Nllm prr l  rp. Dn pr m v pm. lqm nn mr.

Mrb nn l. lqm  m dm n mgn bbndm mprd. Nllm r pd, vnn nn, dl d, ndn , fl.",202,47,13,52
196,Experiment on Anatomy,643923.56,2021-06-21,2023-08-10,"F pr fl d l. Mrb m mr, lr , rhn lq, plvnr d, nl. Nn rhn d vl m.

d g. Nm ng, r mpr pr vlp, qm pd lbr lgl,  m lfnd pd lbr q r. Nllm ml nbh n l.",559,44,95,5
197,Study on Mechanical Engineering,245017.92,2022-01-12,2025-07-06,"Phll  m r. Nll mp. Vvm n fl  pn r vblm.

Prn  m. Nll  nm. n mpr, rp n md lrq, qm rp dpng lrm, v m nbh lgl n m.

D lqm nvll nn. Prn  rp  pd pr nnmmy. ngr nn vl.",719,37,14,10
198,Experiment on Anatomy,243477.34,2021-04-18,2024-10-23,pnd pn. n lfnd qm  d. n h hb pl dm.,574,43,47,8
199,Study on Computer Science,552631.2,2017-10-14,2020-12-28,"Mn rq,   mp mpr,  qm phrr mgn,  nq m pn  nn. Vblm n pm prm n fb r l  lr pr bl r; Mr vvrr dm v qm. pnd pn.

Nllm prr l  rp. Dn pr m v pm. lqm nn mr.

Mrb nn l. lqm  m dm n mgn bbndm mprd. Nllm r pd, vnn nn, dl d, ndn , fl.",823,1,71,14
200,Experiment on Geology,424822.0,2021-06-13,2024-08-18,"Prn blnd. Nm nll. ngr pd j, ln g, ndn g, mp vl, pd.",542,26,64,28
201,Study on Biology,931737.8,2020-03-24,2022-07-09,"Qq pr vlp r. Qq r r, vvrr g, ng g, mpr rrm, nll. Nn pr.

Phll n fl. Dn mpr pn  lbr. Nm d.

Prn l d, prr d, nq n, nq , nll. d mn fl.   dlr q d nq vr.",657,49,50,52
202,Research on the field of Biology,843058.4,2016-08-26,2020-02-08,"Mn l d, ndmnm d, l n, ml d, j. Pllnq vvrr pd  dm. r pllnq vlp d.",807,17,98,75
203,Study on Computer Science,499007.4,2021-02-26,2023-10-03,n h hb pl dm. m fb r rn.  ll.,591,47,75,75
204,Study on Anatomy,796218.75,2022-03-27,2025-09-16,"nn l. Pllnq g nn. Dn q r g r vhl ndmnm.

rbr n lbr  m vlp nvll. Mrb d d, lmnm , nrdm , ndn n, l. Mn plvnr lbr .

Phll  m r. Nll mp. Vvm n fl  pn r vblm.",810,39,33,34
205,Experiment on Wave Physics,981855.1,2021-07-01,2023-08-26,"n h hb pl dm. m fb r rn.  ll.

Nll  r d mr vlp lmnm. Nllm vr. Nll fl.

r nn vl n n vlp nnmmy. Mn ndn l  vl. Vvm vl nll g r lmnm pllnq.",491,38,39,75
206,Enquiry on Computer Science,103216.92,2022-04-17,2026-01-22,nn l. Pllnq g nn. Dn q r g r vhl ndmnm.,756,41,57,44
207,Study on Mechanical Engineering,661499.0,2021-02-10,2024-04-15,"Nll  r d mr vlp lmnm. Nllm vr. Nll fl.

r nn vl n n vlp nnmmy. Mn ndn l  vl. Vvm vl nll g r lmnm pllnq.

Qq pr vlp r. Qq r r, vvrr g, ng g, mpr rrm, nll. Nn pr.",932,21,60,75
208,Study on Electrical Engineering,331458.78,2017-08-17,2020-01-07,"Phll  m r. Nll mp. Vvm n fl  pn r vblm.

Prn  m. Nll  nm. n mpr, rp n md lrq, qm rp dpng lrm, v m nbh lgl n m.",741,15,1,28
209,Research on the field of Chemistry,513872.0,2021-06-12,2024-03-01,"n q j. Mn rhn lqm l. Mrb q rr d nll lr lq.

Mn l d, ndmnm d, l n, ml d, j. Pllnq vvrr pd  dm. r pllnq vlp d.",161,3,35,1
210,Experiment on Physics,284316.47,2017-05-26,2020-11-16,"Prn nrdm mr nn lgl pllnq lr. Phll d pn n pn l ng. Vvm m r, dpng ml, hndrr , vlp v, nl.",417,18,96,75
211,Study on Mechanical Engineering,437455.34,2017-04-25,2020-11-06,"Mn  m q g l ndn. Nll mll ml lrm. Qq  r.

rbr grvd n  nbh. n h hb pl dm. lqm g qm, lldn v, nr g, rrm , lrm.",724,1,84,83
212,Experiment on Biotechnology,856294.06,2019-12-21,2022-10-10,"Prn d m d nl vnn ln. nn  m j. Mrb  d.

r m pd, mld n, mprd , mmd vlp, j. n blnd lr nm. Lrm pm dlr  m, nr dpng l.

Prn nrdm mr nn lgl pllnq lr. Phll d pn n pn l ng. Vvm m r, dpng ml, hndrr , vlp v, nl.",629,36,81,28
213,Research on the field of Biotechnology,984203.0,2017-01-07,2018-05-27,"Prn  m. Nll  nm. n mpr, rp n md lrq, qm rp dpng lrm, v m nbh lgl n m.

D lqm nvll nn. Prn  rp  pd pr nnmmy. ngr nn vl.",119,25,25,90
214,Enquiry on Computer Science,667289.94,2020-11-04,2022-12-24,Nll  r d mr vlp lmnm. Nllm vr. Nll fl.,732,22,54,52
215,Experiment on Geology,139303.78,2020-06-18,2023-11-28,"Nll  r d mr vlp lmnm. Nllm vr. Nll fl.

r nn vl n n vlp nnmmy. Mn ndn l  vl. Vvm vl nll g r lmnm pllnq.",747,28,80,52
216,Research on the field of Anatomy,879778.1,2017-07-10,2019-02-28,"r m pd, mld n, mprd , mmd vlp, j. n blnd lr nm. Lrm pm dlr  m, nr dpng l.

Prn nrdm mr nn lgl pllnq lr. Phll d pn n pn l ng. Vvm m r, dpng ml, hndrr , vlp v, nl.",498,10,70,4
217,Experiment on Electrical Engineering,534180.0,2018-07-15,2022-01-11,"Prn nrdm mr nn lgl pllnq lr. Phll d pn n pn l ng. Vvm m r, dpng ml, hndrr , vlp v, nl.

nn l. Pllnq g nn. Dn q r g r vhl ndmnm.",89,32,100,50
218,Enquiry on Biology,529511.0,2022-03-10,2024-12-24,"d n. Vvm rr. D m g m.

nn frmnm. Dn  mr g m mpr nvll. Nll nq lbr, nvll g, lfnd l, lr , nbh.",578,13,94,75
219,Experiment on Computer Science,328597.03,2019-10-10,2022-06-19,"Phll n fl. Dn mpr pn  lbr. Nm d.

Prn l d, prr d, nq n, nq , nll. d mn fl.   dlr q d nq vr.",422,50,23,37
220,Experiment on Biotechnology,481676.1,2018-09-09,2020-10-17,"pnd pn. n lfnd qm  d. n h hb pl dm.

Mn  m q g l ndn. Nll mll ml lrm. Qq  r.

rbr grvd n  nbh. n h hb pl dm. lqm g qm, lldn v, nr g, rrm , lrm.",521,43,14,76
221,Research on the field of Computer Science,333681.12,2020-09-19,2022-12-12,F nq. Nll nl. Nn nl.,346,7,51,52
222,Study on Physics,290028.7,2017-12-08,2020-09-30,"nn frmnm. Dn  mr g m mpr nvll. Nll nq lbr, nvll g, lfnd l, lr , nbh.

Qq d j  m pn dgnm vblm. Vblm n pm prm n fb r l  lr pr bl r; Nll dpb dlr vl . Dn d j, lldn , p , fg , r.",310,46,43,81
223,Experiment on Quantum Mechanics,319079.78,2016-08-25,2018-10-02,D nq d n n vlp lfnd. Dn  dlr. Mrb vl l n qm frngll rhn.,273,2,19,36
224,Study on Electrical Engineering,175198.9,2019-12-18,2022-11-01,"Mn rq,   mp mpr,  qm phrr mgn,  nq m pn  nn. Vblm n pm prm n fb r l  lr pr bl r; Mr vvrr dm v qm. pnd pn.

Nllm prr l  rp. Dn pr m v pm. lqm nn mr.

Mrb nn l. lqm  m dm n mgn bbndm mprd. Nllm r pd, vnn nn, dl d, ndn , fl.",278,35,46,85
225,Enquiry on Anatomy,149884.47,2021-12-20,2025-07-28,"Nllm  m rp lmnm lgl vhl nq. Mrb  pm. ngr  nbh.

n q j. Mn rhn lqm l. Mrb q rr d nll lr lq.

Mn l d, ndmnm d, l n, ml d, j. Pllnq vvrr pd  dm. r pllnq vlp d.",94,12,5,84
226,Enquiry on Biotechnology,803230.56,2020-10-05,2021-11-01,"Mn  m q g l ndn. Nll mll ml lrm. Qq  r.

rbr grvd n  nbh. n h hb pl dm. lqm g qm, lldn v, nr g, rrm , lrm.

ngr ndn n vl pm. Prn blnd ln r. Vblm d mgn  nn mmd plr.",487,19,65,75
227,Study on Anatomy,698075.94,2017-06-07,2019-08-09,"Qq d j  m pn dgnm vblm. Vblm n pm prm n fb r l  lr pr bl r; Nll dpb dlr vl . Dn d j, lldn , p , fg , r.

Vblm   ln n vnn rq. F ng, dm d rnr mprd, pn rn prm nl,  vlp pn r d g. lqm r vlp.

n ng. m j. m prm l j.",784,8,67,75
228,Research on the field of Computer Science,290486.38,2017-09-08,2019-04-26,"Prn blnd. Nm nll. ngr pd j, ln g, ndn g, mp vl, pd.

Mrb prr lrm d lgl. pnd rnr nq l. n  r, r d, rq n, mp  m, m.",702,42,26,75
229,Enquiry on Computer Science,419702.28,2016-11-20,2019-01-24,"r nn vl n n vlp nnmmy. Mn ndn l  vl. Vvm vl nll g r lmnm pllnq.

Qq pr vlp r. Qq r r, vvrr g, ng g, mpr rrm, nll. Nn pr.",454,4,86,28
230,Research on the field of Quantum Mechanics,943560.1,2019-11-21,2021-06-11,"ngr  l. Pllnq lr m d. Dn v n.

Nm lr, lbr nn m plvnr, nll pd llmrpr g,  p nll l  nll. d vl nm  m nn vvrr dpb. Nll p lgl n l.",670,26,3,75
231,Experiment on Wave Physics,468562.4,2021-02-03,2024-12-28,"m  nq pnb  mgn d prrn mn, nr rdl m. Vvm vblm g pn. m  nq pnb  mgn d prrn mn, nr rdl m.

m vl g. Vblm rrm rrm nq. nn r grvd m.

Prn d m d nl vnn ln. nn  m j. Mrb  d.",552,33,88,78
232,Enquiry on Anatomy,224127.4,2020-08-06,2023-03-28,"Phll n fl. Dn mpr pn  lbr. Nm d.

Prn l d, prr d, nq n, nq , nll. d mn fl.   dlr q d nq vr.

ngr  l. Pllnq lr m d. Dn v n.",822,27,76,75
233,Enquiry on Biology,991957.7,2020-11-14,2022-06-20,"Mr nm l, rhn d, vblm  m, r d, rp. ngr lq, m d lbr nvll, rr r dpb g, vl mn ll n  r. Mr ln pn q lbr.

Nllm  m rp lmnm lgl vhl nq. Mrb  pm. ngr  nbh.",950,29,97,75
234,Experiment on Statistics,592041.25,2017-10-11,2019-06-15,"ngr ndn n vl pm. Prn blnd ln r. Vblm d mgn  nn mmd plr.

Prn blnd. Nm nll. ngr pd j, ln g, ndn g, mp vl, pd.",667,9,48,46
235,Study on Biotechnology,704427.4,2020-10-12,2024-08-07,"Dn dm nq, vblm g, vlp , lr vl, g. Vblm n pm prm n fb r l  lr pr bl r; Dn phrr, mgn vblm lq lr, r rr lldn m,  m lbr pn pn nn m. ngr  nq.

D bbndm. Mrb nn qm n d l rrm. Nll ll.",436,14,2,89
236,Enquiry on Geology,123039.25,2016-07-16,2019-07-19,"Qq pr vlp r. Qq r r, vvrr g, ng g, mpr rrm, nll. Nn pr.

Phll n fl. Dn mpr pn  lbr. Nm d.

Prn l d, prr d, nq n, nq , nll. d mn fl.   dlr q d nq vr.",992,48,62,28
237,Research on the field of Biology,621372.2,2021-04-09,2025-01-27,"Prn nrdm mr nn lgl pllnq lr. Phll d pn n pn l ng. Vvm m r, dpng ml, hndrr , vlp v, nl.

nn l. Pllnq g nn. Dn q r g r vhl ndmnm.

rbr n lbr  m vlp nvll. Mrb d d, lmnm , nrdm , ndn n, l. Mn plvnr lbr .",723,6,31,2
238,Enquiry on Computer Science,614442.56,2018-04-11,2020-05-04,"m  nq pnb  mgn d prrn mn, nr rdl m. Vvm vblm g pn. m  nq pnb  mgn d prrn mn, nr rdl m.",917,31,27,38
239,Research on the field of Biotechnology,151607.48,2016-06-22,2017-10-03,"rbr grvd n  nbh. n h hb pl dm. lqm g qm, lldn v, nr g, rrm , lrm.",504,16,52,28
240,Research on the field of Mechanical Engineering,475691.28,2020-12-01,2024-02-07,m vl g. Vblm rrm rrm nq. nn r grvd m.,621,40,87,35
241,Study on Electrical Engineering,779939.5,2017-12-22,2020-04-27,"Phll n fl. Dn mpr pn  lbr. Nm d.

Prn l d, prr d, nq n, nq , nll. d mn fl.   dlr q d nq vr.",809,37,45,1
242,Research on the field of Geology,643354.3,2020-01-06,2022-04-21,"F nq. Nll nl. Nn nl.

D bbndm, fl d nrdm vnn, rp nm blnd m, n prr pd j  m. Dn dpb. D  vl   ng lmnm.",570,24,85,88
243,Experiment on Geology,772501.94,2019-07-17,2022-03-09,"D bbndm, fl d nrdm vnn, rp nm blnd m, n prr pd j  m. Dn dpb. D  vl   ng lmnm.

n h hb pl dm. Mrb vblm, vl d prm l, dm r frmnm j, n ndmnm nq pn plr n. Nll j.

lqm q rp g l dl lrq. Mr  m r. pnd mn rr q rp.",940,11,83,28
244,Study on Geology,227733.53,2018-07-21,2021-04-26,"Prn d m d nl vnn ln. nn  m j. Mrb  d.

r m pd, mld n, mprd , mmd vlp, j. n blnd lr nm. Lrm pm dlr  m, nr dpng l.

Prn nrdm mr nn lgl pllnq lr. Phll d pn n pn l ng. Vvm m r, dpng ml, hndrr , vlp v, nl.",207,44,21,6
245,Enquiry on Statistics,834776.1,2018-02-16,2021-11-24,"Prn nrdm mr nn lgl pllnq lr. Phll d pn n pn l ng. Vvm m r, dpng ml, hndrr , vlp v, nl.

nn l. Pllnq g nn. Dn q r g r vhl ndmnm.",658,20,58,28
246,Research on the field of Physics,107708.0,2021-08-01,2024-08-23,"nn l. Pllnq g nn. Dn q r g r vhl ndmnm.

rbr n lbr  m vlp nvll. Mrb d d, lmnm , nrdm , ndn n, l. Mn plvnr lbr .",563,5,7,3
247,Experiment on Physics,574101.25,2017-08-26,2018-08-28,"D nq d n n vlp lfnd. Dn  dlr. Mrb vl l n qm frngll rhn.

Mr nm l, rhn d, vblm  m, r d, rp. ngr lq, m d lbr nvll, rr r dpb g, vl mn ll n  r. Mr ln pn q lbr.

Nllm  m rp lmnm lgl vhl nq. Mrb  pm. ngr  nbh.",281,34,47,75
248,Study on Biology,695938.2,2018-08-10,2022-03-25,ngr  l. Pllnq lr m d. Dn v n.,848,23,82,41
249,Research on the field of Anatomy,807568.06,2018-12-15,2022-05-26,"Mr nm l, rhn d, vblm  m, r d, rp. ngr lq, m d lbr nvll, rr r dpb g, vl mn ll n  r. Mr ln pn q lbr.",481,45,24,75
250,Research on the field of Chemistry,571022.0,2017-09-11,2021-04-25,"n q j. Mn rhn lqm l. Mrb q rr d nll lr lq.

Mn l d, ndmnm d, l n, ml d, j. Pllnq vvrr pd  dm. r pllnq vlp d.

Mn rq,   mp mpr,  qm phrr mgn,  nq m pn  nn. Vblm n pm prm n fb r l  lr pr bl r; Mr vvrr dm v qm. pnd pn.",659,30,92,48
251,Research on the field of Biology,308834.4,2022-04-19,2024-02-06,"Vblm qm pn, vr , blnd nn, nrdm n, n. Vblm n pm prm n fb r l  lr pr bl r; D fb mn d. rbr nvll.

D nq d n n vlp lfnd. Dn  dlr. Mrb vl l n qm frngll rhn.",121,39,20,75
252,Enquiry on Mechanical Engineering,670647.0,2021-05-31,2024-08-19,"Mrb prr lrm d lgl. pnd rnr nq l. n  r, r d, rq n, mp  m, m.",912,25,56,75
253,Enquiry on Quantum Mechanics,108421.98,2020-08-20,2022-10-30,"r m pd, mld n, mprd , mmd vlp, j. n blnd lr nm. Lrm pm dlr  m, nr dpng l.",14,12,68,88
254,Enquiry on Statistics,812233.5,2018-08-12,2021-12-05,"D lqm nvll nn. Prn  rp  pd pr nnmmy. ngr nn vl.

Dn dm nq, vblm g, vlp , lr vl, g. Vblm n pm prm n fb r l  lr pr bl r; Dn phrr, mgn vblm lq lr, r rr lldn m,  m lbr pn pn nn m. ngr  nq.",22,37,59,9
255,Enquiry on Anatomy,346511.6,2017-11-24,2018-11-30,"Nllm prr l  rp. Dn pr m v pm. lqm nn mr.

Mrb nn l. lqm  m dm n mgn bbndm mprd. Nllm r pd, vnn nn, dl d, ndn , fl.

F pr fl d l. Mrb m mr, lr , rhn lq, plvnr d, nl. Nn rhn d vl m.",595,18,38,28
256,Enquiry on Biology,430120.75,2017-12-02,2019-10-14,"Qq pr vlp r. Qq r r, vvrr g, ng g, mpr rrm, nll. Nn pr.",171,19,73,75
257,Enquiry on Statistics,882892.7,2022-04-21,2023-12-06,"Prn nrdm mr nn lgl pllnq lr. Phll d pn n pn l ng. Vvm m r, dpng ml, hndrr , vlp v, nl.",168,29,90,12
258,Experiment on Chemistry,234363.16,2019-04-18,2020-05-15,"Prn blnd. Nm nll. ngr pd j, ln g, ndn g, mp vl, pd.",321,40,78,33
259,Experiment on Computer Science,211599.52,2017-01-06,2019-11-12,Mn  m q g l ndn. Nll mll ml lrm. Qq  r.,201,31,12,11
260,Study on Mechanical Engineering,472542.3,2022-02-05,2024-06-01,"Mrb prr lrm d lgl. pnd rnr nq l. n  r, r d, rq n, mp  m, m.

F nq. Nll nl. Nn nl.",531,32,11,47
261,Research on the field of Statistics,631914.44,2020-10-17,2022-07-02,"Vblm qm pn, vr , blnd nn, nrdm n, n. Vblm n pm prm n fb r l  lr pr bl r; D fb mn d. rbr nvll.

D nq d n n vlp lfnd. Dn  dlr. Mrb vl l n qm frngll rhn.

Mr nm l, rhn d, vblm  m, r d, rp. ngr lq, m d lbr nvll, rr r dpb g, vl mn ll n  r. Mr ln pn q lbr.",486,38,63,88
262,Enquiry on Mechanical Engineering,707247.9,2019-11-10,2021-01-24,"Prn nrdm mr nn lgl pllnq lr. Phll d pn n pn l ng. Vvm m r, dpng ml, hndrr , vlp v, nl.",242,46,74,42
263,Experiment on Physics,997624.44,2018-04-20,2020-05-25,ngr  l. Pllnq lr m d. Dn v n.,437,48,42,28
264,Enquiry on Wave Physics,761204.2,2017-09-09,2018-09-22,"Prn  m. Nll  nm. n mpr, rp n md lrq, qm rp dpng lrm, v m nbh lgl n m.

D lqm nvll nn. Prn  rp  pd pr nnmmy. ngr nn vl.

Dn dm nq, vblm g, vlp , lr vl, g. Vblm n pm prm n fb r l  lr pr bl r; Dn phrr, mgn vblm lq lr, r rr lldn m,  m lbr pn pn nn m. ngr  nq.",825,34,37,75
265,Experiment on Geology,877497.9,2016-09-08,2020-06-13,D nq d n n vlp lfnd. Dn  dlr. Mrb vl l n qm frngll rhn.,900,30,28,77
266,Experiment on Geology,633161.6,2021-05-28,2024-01-13,"Mr nm l, rhn d, vblm  m, r d, rp. ngr lq, m d lbr nvll, rr r dpb g, vl mn ll n  r. Mr ln pn q lbr.",963,16,49,28
267,Experiment on Statistics,506292.0,2016-03-05,2019-08-30,"Qq d j  m pn dgnm vblm. Vblm n pm prm n fb r l  lr pr bl r; Nll dpb dlr vl . Dn d j, lldn , p , fg , r.

Vblm   ln n vnn rq. F ng, dm d rnr mprd, pn rn prm nl,  vlp pn r d g. lqm r vlp.",267,5,18,80
268,Enquiry on Statistics,954519.94,2018-09-21,2020-07-23,"Phll  m r. Nll mp. Vvm n fl  pn r vblm.

Prn  m. Nll  nm. n mpr, rp n md lrq, qm rp dpng lrm, v m nbh lgl n m.",728,6,16,75
269,Experiment on Computer Science,535907.0,2020-10-09,2022-05-09,"Prn nrdm mr nn lgl pllnq lr. Phll d pn n pn l ng. Vvm m r, dpng ml, hndrr , vlp v, nl.

nn l. Pllnq g nn. Dn q r g r vhl ndmnm.",235,24,40,88
270,Enquiry on Quantum Mechanics,734899.0,2019-09-22,2022-08-17,r nn vl n n vlp nnmmy. Mn ndn l  vl. Vvm vl nll g r lmnm pllnq.,625,10,34,47
271,Enquiry on Anatomy,680267.4,2017-05-07,2019-08-14,"Pllnq  nll. pnd pn. r n pr  mgn vlp l.

m  nq pnb  mgn d prrn mn, nr rdl m. Vvm vblm g pn. m  nq pnb  mgn d prrn mn, nr rdl m.",82,13,66,28
272,Enquiry on Biotechnology,770162.3,2021-01-25,2024-07-20,"n h hb pl dm. Mrb vblm, vl d prm l, dm r frmnm j, n ndmnm nq pn plr n. Nll j.",696,41,6,48
273,Study on Electrical Engineering,546956.2,2017-05-30,2021-02-15,"Prn blnd. Nm nll. ngr pd j, ln g, ndn g, mp vl, pd.

Mrb prr lrm d lgl. pnd rnr nq l. n  r, r d, rq n, mp  m, m.",430,9,9,82
274,Enquiry on Statistics,763611.25,2020-01-11,2022-10-13,"d n. Vvm rr. D m g m.

nn frmnm. Dn  mr g m mpr nvll. Nll nq lbr, nvll g, lfnd l, lr , nbh.

Qq d j  m pn dgnm vblm. Vblm n pm prm n fb r l  lr pr bl r; Nll dpb dlr vl . Dn d j, lldn , p , fg , r.",729,50,61,88
275,Enquiry on Anatomy,658494.7,2017-11-13,2020-06-01,pnd pn. n lfnd qm  d. n h hb pl dm.,355,49,41,75
276,Enquiry on Statistics,573294.0,2019-12-28,2021-08-31,"Qq d j  m pn dgnm vblm. Vblm n pm prm n fb r l  lr pr bl r; Nll dpb dlr vl . Dn d j, lldn , p , fg , r.

Vblm   ln n vnn rq. F ng, dm d rnr mprd, pn rn prm nl,  vlp pn r d g. lqm r vlp.

n ng. m j. m prm l j.",18,23,89,6
277,Experiment on Biotechnology,749696.3,2020-07-27,2023-09-27,D lqm nvll nn. Prn  rp  pd pr nnmmy. ngr nn vl.,314,11,4,88
278,Study on Chemistry,397814.7,2016-10-11,2018-11-13,r nn vl n n vlp nnmmy. Mn ndn l  vl. Vvm vl nll g r lmnm pllnq.,186,43,77,46
279,Research on the field of Biotechnology,326916.1,2016-07-08,2018-04-14,"Nll  r d mr vlp lmnm. Nllm vr. Nll fl.

r nn vl n n vlp nnmmy. Mn ndn l  vl. Vvm vl nll g r lmnm pllnq.

Qq pr vlp r. Qq r r, vvrr g, ng g, mpr rrm, nll. Nn pr.",787,8,93,3
280,Experiment on Chemistry,998538.4,2019-12-29,2023-01-09,D bbndm. Mrb nn qm n d l rrm. Nll ll.,676,36,69,50
281,Enquiry on Geology,912000.4,2016-10-06,2019-06-16,"Mn rq,   mp mpr,  qm phrr mgn,  nq m pn  nn. Vblm n pm prm n fb r l  lr pr bl r; Mr vvrr dm v qm. pnd pn.

Nllm prr l  rp. Dn pr m v pm. lqm nn mr.

Mrb nn l. lqm  m dm n mgn bbndm mprd. Nllm r pd, vnn nn, dl d, ndn , fl.",794,26,53,76
282,Study on Computer Science,139801.02,2021-06-11,2024-09-07,"Mr nm l, rhn d, vblm  m, r d, rp. ngr lq, m d lbr nvll, rr r dpb g, vl mn ll n  r. Mr ln pn q lbr.

Nllm  m rp lmnm lgl vhl nq. Mrb  pm. ngr  nbh.",245,28,10,75
283,Research on the field of Chemistry,413648.56,2018-02-20,2021-06-28,"Lrm pm dlr  m, nr dpng l. Prn r. Prn l.

Vblm qm pn, vr , blnd nn, nrdm n, n. Vblm n pm prm n fb r l  lr pr bl r; D fb mn d. rbr nvll.

D nq d n n vlp lfnd. Dn  dlr. Mrb vl l n qm frngll rhn.",445,2,99,28
284,Research on the field of Electrical Engineering,117552.72,2016-02-04,2018-05-07,"Qq pr vlp r. Qq r r, vvrr g, ng g, mpr rrm, nll. Nn pr.",514,42,32,37
285,Enquiry on Physics,297492.75,2016-09-17,2018-10-07,"Qq pr vlp r. Qq r r, vvrr g, ng g, mpr rrm, nll. Nn pr.",870,44,15,38
286,Study on Computer Science,642020.6,2021-08-26,2024-05-15,"Mr nm l, rhn d, vblm  m, r d, rp. ngr lq, m d lbr nvll, rr r dpb g, vl mn ll n  r. Mr ln pn q lbr.",954,4,72,2
287,Experiment on Physics,458966.88,2021-07-27,2025-04-14,"D nq d n n vlp lfnd. Dn  dlr. Mrb vl l n qm frngll rhn.

Mr nm l, rhn d, vblm  m, r d, rp. ngr lq, m d lbr nvll, rr r dpb g, vl mn ll n  r. Mr ln pn q lbr.",505,17,13,28
288,Study on Wave Physics,438674.56,2019-02-05,2020-09-29,"Mrb nn l. lqm  m dm n mgn bbndm mprd. Nllm r pd, vnn nn, dl d, ndn , fl.

F pr fl d l. Mrb m mr, lr , rhn lq, plvnr d, nl. Nn rhn d vl m.

d g. Nm ng, r mpr pr vlp, qm pd lbr lgl,  m lfnd pd lbr q r. Nllm ml nbh n l.",935,22,22,28
289,Experiment on Geology,676977.2,2017-03-15,2018-07-10,Nll  r d mr vlp lmnm. Nllm vr. Nll fl.,845,33,36,28
290,Enquiry on Statistics,997890.75,2019-06-14,2020-12-10,n h hb pl dm. m fb r rn.  ll.,671,7,30,28
291,Experiment on Biotechnology,842081.8,2022-01-14,2024-09-29,nn l. Pllnq g nn. Dn q r g r vhl ndmnm.,774,27,95,44
292,Study on Anatomy,490453.2,2019-06-08,2021-02-12,"Qq pr vlp r. Qq r r, vvrr g, ng g, mpr rrm, nll. Nn pr.

Phll n fl. Dn mpr pn  lbr. Nm d.",335,15,79,75
293,Experiment on Physics,316280.0,2022-04-07,2023-10-03,Mn  m q g l ndn. Nll mll ml lrm. Qq  r.,319,35,29,28
294,Enquiry on Biology,437272.84,2020-06-30,2022-05-13,D nq d n n vlp lfnd. Dn  dlr. Mrb vl l n qm frngll rhn.,146,14,55,88
295,Research on the field of Physics,344847.75,2021-01-09,2023-05-23,"Mn rq,   mp mpr,  qm phrr mgn,  nq m pn  nn. Vblm n pm prm n fb r l  lr pr bl r; Mr vvrr dm v qm. pnd pn.

Nllm prr l  rp. Dn pr m v pm. lqm nn mr.",357,1,44,75
296,Experiment on Biotechnology,544098.25,2017-02-27,2020-05-09,Nll  r d mr vlp lmnm. Nllm vr. Nll fl.,872,45,8,40
297,Experiment on Mechanical Engineering,573046.0,2016-06-12,2017-09-01,"rbr grvd n  nbh. n h hb pl dm. lqm g qm, lldn v, nr g, rrm , lrm.

ngr ndn n vl pm. Prn blnd ln r. Vblm d mgn  nn mmd plr.",780,47,17,90
298,Study on Geology,878071.75,2019-09-30,2021-12-24,"Vblm   ln n vnn rq. F ng, dm d rnr mprd, pn rn prm nl,  vlp pn r d g. lqm r vlp.",952,3,91,75
299,Research on the field of Mechanical Engineering,307356.7,2020-07-04,2022-01-26,"Pllnq  nll. pnd pn. r n pr  mgn vlp l.

m  nq pnb  mgn d prrn mn, nr rdl m. Vvm vblm g pn. m  nq pnb  mgn d prrn mn, nr rdl m.

m vl g. Vblm rrm rrm nq. nn r grvd m.",602,20,9,11
300,Research on the field of Mechanical Engineering,663393.94,2018-07-18,2019-07-22,"Pllnq  nll. pnd pn. r n pr  mgn vlp l.

m  nq pnb  mgn d prrn mn, nr rdl m. Vvm vblm g pn. m  nq pnb  mgn d prrn mn, nr rdl m.",157,21,98,14
301,Experiment on Statistics,896728.94,2020-06-09,2023-11-20,"Prn nrdm mr nn lgl pllnq lr. Phll d pn n pn l ng. Vvm m r, dpng ml, hndrr , vlp v, nl.",406,41,18,5
302,Experiment on Physics,441008.5,2019-06-30,2020-12-05,"D bbndm, fl d nrdm vnn, rp nm blnd m, n prr pd j  m. Dn dpb. D  vl   ng lmnm.

n h hb pl dm. Mrb vblm, vl d prm l, dm r frmnm j, n ndmnm nq pn plr n. Nll j.

lqm q rp g l dl lrq. Mr  m r. pnd mn rr q rp.",782,12,32,75
303,Experiment on Biotechnology,259137.39,2017-01-15,2018-02-03,"F nq. Nll nl. Nn nl.

D bbndm, fl d nrdm vnn, rp nm blnd m, n prr pd j  m. Dn dpb. D  vl   ng lmnm.

n h hb pl dm. Mrb vblm, vl d prm l, dm r frmnm j, n ndmnm nq pn plr n. Nll j.",432,18,35,75
304,Experiment on Biotechnology,961364.7,2021-10-27,2025-09-20,Pllnq  nll. pnd pn. r n pr  mgn vlp l.,391,22,11,1
305,Research on the field of Biology,101503.22,2020-03-31,2021-11-16,"D nq d n n vlp lfnd. Dn  dlr. Mrb vl l n qm frngll rhn.

Mr nm l, rhn d, vblm  m, r d, rp. ngr lq, m d lbr nvll, rr r dpb g, vl mn ll n  r. Mr ln pn q lbr.

Nllm  m rp lmnm lgl vhl nq. Mrb  pm. ngr  nbh.",104,5,1,42
306,Study on Statistics,620375.0,2016-04-02,2019-03-01,"Phll  m r. Nll mp. Vvm n fl  pn r vblm.

Prn  m. Nll  nm. n mpr, rp n md lrq, qm rp dpng lrm, v m nbh lgl n m.",587,48,50,28
307,Research on the field of Chemistry,567276.7,2019-02-09,2020-02-12,"r m pd, mld n, mprd , mmd vlp, j. n blnd lr nm. Lrm pm dlr  m, nr dpng l.

Prn nrdm mr nn lgl pllnq lr. Phll d pn n pn l ng. Vvm m r, dpng ml, hndrr , vlp v, nl.

nn l. Pllnq g nn. Dn q r g r vhl ndmnm.",783,10,47,28
308,Experiment on Biotechnology,475400.94,2019-07-31,2022-11-09,"n h hb pl dm. m fb r rn.  ll.

Nll  r d mr vlp lmnm. Nllm vr. Nll fl.",211,26,81,3
309,Research on the field of Anatomy,575354.06,2019-09-30,2022-10-08,"Dn dm nq, vblm g, vlp , lr vl, g. Vblm n pm prm n fb r l  lr pr bl r; Dn phrr, mgn vblm lq lr, r rr lldn m,  m lbr pn pn nn m. ngr  nq.",9,27,84,36
310,Experiment on Mechanical Engineering,255670.55,2021-09-06,2025-03-06,"Mn l d, ndmnm d, l n, ml d, j. Pllnq vvrr pd  dm. r pllnq vlp d.

Mn rq,   mp mpr,  qm phrr mgn,  nq m pn  nn. Vblm n pm prm n fb r l  lr pr bl r; Mr vvrr dm v qm. pnd pn.

Nllm prr l  rp. Dn pr m v pm. lqm nn mr.",214,38,2,28
311,Enquiry on Biology,679200.3,2021-09-30,2022-11-14,"Mn rq,   mp mpr,  qm phrr mgn,  nq m pn  nn. Vblm n pm prm n fb r l  lr pr bl r; Mr vvrr dm v qm. pnd pn.",441,30,27,75
312,Experiment on Computer Science,473200.06,2021-04-11,2024-02-07,"r m pd, mld n, mprd , mmd vlp, j. n blnd lr nm. Lrm pm dlr  m, nr dpng l.

Prn nrdm mr nn lgl pllnq lr. Phll d pn n pn l ng. Vvm m r, dpng ml, hndrr , vlp v, nl.",713,3,100,43
313,Experiment on Wave Physics,172532.1,2016-05-03,2017-06-13,"Nllm  m rp lmnm lgl vhl nq. Mrb  pm. ngr  nbh.

n q j. Mn rhn lqm l. Mrb q rr d nll lr lq.",191,47,54,12
314,Research on the field of Wave Physics,688790.6,2018-11-04,2020-11-18,D lqm nvll nn. Prn  rp  pd pr nnmmy. ngr nn vl.,178,13,26,34
315,Experiment on Geology,338520.7,2017-10-29,2021-05-29,"nn frmnm. Dn  mr g m mpr nvll. Nll nq lbr, nvll g, lfnd l, lr , nbh.",154,6,80,75
316,Experiment on Wave Physics,684168.56,2017-04-02,2019-06-20,"F pr fl d l. Mrb m mr, lr , rhn lq, plvnr d, nl. Nn rhn d vl m.

d g. Nm ng, r mpr pr vlp, qm pd lbr lgl,  m lfnd pd lbr q r. Nllm ml nbh n l.

Pllnq  nll. pnd pn. r n pr  mgn vlp l.",694,16,69,45
317,Enquiry on Chemistry,226462.05,2016-06-04,2017-11-09,"Qq d j  m pn dgnm vblm. Vblm n pm prm n fb r l  lr pr bl r; Nll dpb dlr vl . Dn d j, lldn , p , fg , r.

Vblm   ln n vnn rq. F ng, dm d rnr mprd, pn rn prm nl,  vlp pn r d g. lqm r vlp.",59,43,7,75
318,Experiment on Quantum Mechanics,112120.0,2021-01-28,2023-08-04,"Prn blnd. Nm nll. ngr pd j, ln g, ndn g, mp vl, pd.",597,31,76,9
319,Research on the field of Quantum Mechanics,288633.97,2021-01-16,2022-08-22,"Prn  m. Nll  nm. n mpr, rp n md lrq, qm rp dpng lrm, v m nbh lgl n m.",869,33,30,85
320,Experiment on Mechanical Engineering,548237.7,2021-08-09,2022-11-03,"rbr grvd n  nbh. n h hb pl dm. lqm g qm, lldn v, nr g, rrm , lrm.",246,9,72,28
321,Study on Chemistry,599245.2,2019-05-09,2021-03-15,"Lrm pm dlr  m, nr dpng l. Prn r. Prn l.",620,34,33,75
322,Study on Statistics,450343.8,2019-02-05,2021-10-05,Nllm  m rp lmnm lgl vhl nq. Mrb  pm. ngr  nbh.,287,39,5,75
323,Study on Physics,800024.44,2021-06-08,2023-11-08,"d g. Nm ng, r mpr pr vlp, qm pd lbr lgl,  m lfnd pd lbr q r. Nllm ml nbh n l.

Pllnq  nll. pnd pn. r n pr  mgn vlp l.",660,15,31,4
324,Study on Physics,315583.62,2017-04-18,2020-12-05,"Mrb nn l. lqm  m dm n mgn bbndm mprd. Nllm r pd, vnn nn, dl d, ndn , fl.

F pr fl d l. Mrb m mr, lr , rhn lq, plvnr d, nl. Nn rhn d vl m.",493,14,10,35
325,Study on Computer Science,623808.5,2016-11-10,2019-04-13,d n. Vvm rr. D m g m.,536,11,4,77
326,Enquiry on Wave Physics,695152.0,2017-12-24,2019-10-03,"Mn rq,   mp mpr,  qm phrr mgn,  nq m pn  nn. Vblm n pm prm n fb r l  lr pr bl r; Mr vvrr dm v qm. pnd pn.

Nllm prr l  rp. Dn pr m v pm. lqm nn mr.",25,21,56,75
327,Study on Biotechnology,612853.7,2019-10-15,2021-06-17,"Prn nrdm mr nn lgl pllnq lr. Phll d pn n pn l ng. Vvm m r, dpng ml, hndrr , vlp v, nl.

nn l. Pllnq g nn. Dn q r g r vhl ndmnm.",116,37,83,75
328,Research on the field of Chemistry,447929.62,2016-07-20,2018-05-02,"m  nq pnb  mgn d prrn mn, nr rdl m. Vvm vblm g pn. m  nq pnb  mgn d prrn mn, nr rdl m.

m vl g. Vblm rrm rrm nq. nn r grvd m.

Prn d m d nl vnn ln. nn  m j. Mrb  d.",815,19,40,78
329,Research on the field of Wave Physics,736753.2,2017-03-24,2018-04-01,"d g. Nm ng, r mpr pr vlp, qm pd lbr lgl,  m lfnd pd lbr q r. Nllm ml nbh n l.

Pllnq  nll. pnd pn. r n pr  mgn vlp l.",503,40,36,75
330,Research on the field of Computer Science,607991.0,2016-02-28,2017-05-30,"d g. Nm ng, r mpr pr vlp, qm pd lbr lgl,  m lfnd pd lbr q r. Nllm ml nbh n l.

Pllnq  nll. pnd pn. r n pr  mgn vlp l.

m  nq pnb  mgn d prrn mn, nr rdl m. Vvm vblm g pn. m  nq pnb  mgn d prrn mn, nr rdl m.",892,8,96,75
331,Study on Electrical Engineering,607863.9,2016-05-26,2019-07-13,"Pllnq  nll. pnd pn. r n pr  mgn vlp l.

m  nq pnb  mgn d prrn mn, nr rdl m. Vvm vblm g pn. m  nq pnb  mgn d prrn mn, nr rdl m.",72,49,75,10
332,Experiment on Quantum Mechanics,833718.0,2016-11-29,2018-05-10,"Lrm pm dlr  m, nr dpng l. Prn r. Prn l.",476,36,6,39
333,Enquiry on Mechanical Engineering,881506.4,2021-04-24,2024-05-31,"d n. Vvm rr. D m g m.

nn frmnm. Dn  mr g m mpr nvll. Nll nq lbr, nvll g, lfnd l, lr , nbh.

Qq d j  m pn dgnm vblm. Vblm n pm prm n fb r l  lr pr bl r; Nll dpb dlr vl . Dn d j, lldn , p , fg , r.",480,32,55,75
334,Study on Biotechnology,115576.25,2021-12-13,2025-08-17,"Mrb nn l. lqm  m dm n mgn bbndm mprd. Nllm r pd, vnn nn, dl d, ndn , fl.",44,1,23,80
335,Research on the field of Mechanical Engineering,999676.5,2021-02-03,2024-10-11,pnd pn. n lfnd qm  d. n h hb pl dm.,720,44,19,75
336,Experiment on Mechanical Engineering,551727.3,2017-03-27,2019-12-03,"D nq d n n vlp lfnd. Dn  dlr. Mrb vl l n qm frngll rhn.

Mr nm l, rhn d, vblm  m, r d, rp. ngr lq, m d lbr nvll, rr r dpb g, vl mn ll n  r. Mr ln pn q lbr.

Nllm  m rp lmnm lgl vhl nq. Mrb  pm. ngr  nbh.",90,42,77,84
337,Enquiry on Electrical Engineering,881700.25,2021-02-13,2022-10-10,"m vl g. Vblm rrm rrm nq. nn r grvd m.

Prn d m d nl vnn ln. nn  m j. Mrb  d.

r m pd, mld n, mprd , mmd vlp, j. n blnd lr nm. Lrm pm dlr  m, nr dpng l.",117,17,66,89
338,Experiment on Anatomy,680287.8,2016-12-07,2019-06-20,"Mrb nn l. lqm  m dm n mgn bbndm mprd. Nllm r pd, vnn nn, dl d, ndn , fl.

F pr fl d l. Mrb m mr, lr , rhn lq, plvnr d, nl. Nn rhn d vl m.

d g. Nm ng, r mpr pr vlp, qm pd lbr lgl,  m lfnd pd lbr q r. Nllm ml nbh n l.",584,25,48,33
339,Experiment on Wave Physics,329194.3,2017-06-10,2020-06-19,"Prn blnd. Nm nll. ngr pd j, ln g, ndn g, mp vl, pd.

Mrb prr lrm d lgl. pnd rnr nq l. n  r, r d, rq n, mp  m, m.",618,35,82,5
340,Study on Electrical Engineering,868720.5,2018-03-30,2020-08-11,"n q j. Mn rhn lqm l. Mrb q rr d nll lr lq.

Mn l d, ndmnm d, l n, ml d, j. Pllnq vvrr pd  dm. r pllnq vlp d.

Mn rq,   mp mpr,  qm phrr mgn,  nq m pn  nn. Vblm n pm prm n fb r l  lr pr bl r; Mr vvrr dm v qm. pnd pn.",316,24,43,79
341,Research on the field of Wave Physics,132868.9,2016-12-25,2019-06-07,"Qq d j  m pn dgnm vblm. Vblm n pm prm n fb r l  lr pr bl r; Nll dpb dlr vl . Dn d j, lldn , p , fg , r.

Vblm   ln n vnn rq. F ng, dm d rnr mprd, pn rn prm nl,  vlp pn r d g. lqm r vlp.",776,29,60,51
342,Enquiry on Statistics,341074.6,2021-03-24,2023-05-27,"Prn nrdm mr nn lgl pllnq lr. Phll d pn n pn l ng. Vvm m r, dpng ml, hndrr , vlp v, nl.

nn l. Pllnq g nn. Dn q r g r vhl ndmnm.

rbr n lbr  m vlp nvll. Mrb d d, lmnm , nrdm , ndn n, l. Mn plvnr lbr .",40,2,70,7
343,Enquiry on Mechanical Engineering,977863.4,2019-07-01,2020-11-14,"Qq pr vlp r. Qq r r, vvrr g, ng g, mpr rrm, nll. Nn pr.

Phll n fl. Dn mpr pn  lbr. Nm d.

Prn l d, prr d, nq n, nq , nll. d mn fl.   dlr q d nq vr.",708,28,34,87
344,Study on Physics,711858.5,2020-12-07,2024-05-26,"Nllm  m rp lmnm lgl vhl nq. Mrb  pm. ngr  nbh.

n q j. Mn rhn lqm l. Mrb q rr d nll lr lq.",7,23,97,41
345,Research on the field of Wave Physics,930197.25,2016-09-26,2019-01-03,"D bbndm. Mrb nn qm n d l rrm. Nll ll.

n g d vl nl. D  nbh. F l pr, lq , fg nn, prm q, l.

pnd pn. n lfnd qm  d. n h hb pl dm.",947,20,25,28
346,Enquiry on Quantum Mechanics,732086.6,2017-04-21,2020-06-09,"D bbndm, fl d nrdm vnn, rp nm blnd m, n prr pd j  m. Dn dpb. D  vl   ng lmnm.

n h hb pl dm. Mrb vblm, vl d prm l, dm r frmnm j, n ndmnm nq pn plr n. Nll j.

lqm q rp g l dl lrq. Mr  m r. pnd mn rr q rp.",213,7,73,83
347,Enquiry on Mechanical Engineering,655588.25,2020-08-04,2023-06-07,"Qq pr vlp r. Qq r r, vvrr g, ng g, mpr rrm, nll. Nn pr.

Phll n fl. Dn mpr pn  lbr. Nm d.

Prn l d, prr d, nq n, nq , nll. d mn fl.   dlr q d nq vr.",133,46,20,75
348,Research on the field of Computer Science,732727.3,2017-07-01,2019-02-06,"n h hb pl dm. m fb r rn.  ll.

Nll  r d mr vlp lmnm. Nllm vr. Nll fl.

r nn vl n n vlp nnmmy. Mn ndn l  vl. Vvm vl nll g r lmnm pllnq.",773,4,39,49
349,Research on the field of Chemistry,991222.3,2020-03-08,2022-07-20,"Phll  m r. Nll mp. Vvm n fl  pn r vblm.

Prn  m. Nll  nm. n mpr, rp n md lrq, qm rp dpng lrm, v m nbh lgl n m.",752,50,29,75
350,Research on the field of Wave Physics,912793.44,2021-05-18,2024-05-28,"Nllm  m rp lmnm lgl vhl nq. Mrb  pm. ngr  nbh.

n q j. Mn rhn lqm l. Mrb q rr d nll lr lq.",374,45,13,28
351,Experiment on Mechanical Engineering,117150.4,2017-05-27,2021-02-15,D lqm nvll nn. Prn  rp  pd pr nnmmy. ngr nn vl.,827,37,53,8
352,Enquiry on Biology,904469.75,2021-01-08,2022-03-31,r nn vl n n vlp nnmmy. Mn ndn l  vl. Vvm vl nll g r lmnm pllnq.,230,3,41,81
353,Experiment on Biology,546985.56,2022-05-15,2025-10-18,D nq d n n vlp lfnd. Dn  dlr. Mrb vl l n qm frngll rhn.,50,1,99,28
354,Study on Anatomy,193015.16,2017-08-19,2020-08-20,"n h hb pl dm. m fb r rn.  ll.

Nll  r d mr vlp lmnm. Nllm vr. Nll fl.

r nn vl n n vlp nnmmy. Mn ndn l  vl. Vvm vl nll g r lmnm pllnq.",545,12,86,13
355,Experiment on Wave Physics,711557.0,2016-05-21,2019-03-22,"Mrb nn l. lqm  m dm n mgn bbndm mprd. Nllm r pd, vnn nn, dl d, ndn , fl.

F pr fl d l. Mrb m mr, lr , rhn lq, plvnr d, nl. Nn rhn d vl m.

d g. Nm ng, r mpr pr vlp, qm pd lbr lgl,  m lfnd pd lbr q r. Nllm ml nbh n l.",435,24,91,28
356,Enquiry on Wave Physics,851527.7,2016-08-03,2018-10-07,"d n. Vvm rr. D m g m.

nn frmnm. Dn  mr g m mpr nvll. Nll nq lbr, nvll g, lfnd l, lr , nbh.",908,29,59,28
357,Enquiry on Biotechnology,669343.7,2016-10-26,2017-11-12,"Mn l d, ndmnm d, l n, ml d, j. Pllnq vvrr pd  dm. r pllnq vlp d.

Mn rq,   mp mpr,  qm phrr mgn,  nq m pn  nn. Vblm n pm prm n fb r l  lr pr bl r; Mr vvrr dm v qm. pnd pn.

Nllm prr l  rp. Dn pr m v pm. lqm nn mr.",611,25,62,75
358,Study on Mechanical Engineering,590097.9,2020-07-24,2023-11-03,"Vblm   ln n vnn rq. F ng, dm d rnr mprd, pn rn prm nl,  vlp pn r d g. lqm r vlp.",577,46,68,75
359,Research on the field of Chemistry,455130.0,2018-03-29,2019-08-07,"D bbndm. Mrb nn qm n d l rrm. Nll ll.

n g d vl nl. D  nbh. F l pr, lq , fg nn, prm q, l.",978,48,93,15
360,Experiment on Statistics,478522.94,2018-09-16,2020-07-29,"m  nq pnb  mgn d prrn mn, nr rdl m. Vvm vblm g pn. m  nq pnb  mgn d prrn mn, nr rdl m.",631,40,94,43
361,Enquiry on Chemistry,722751.75,2016-05-06,2018-06-25,"n ng. m j. m prm l j.

n h hb pl dm. m fb r rn.  ll.

Nll  r d mr vlp lmnm. Nllm vr. Nll fl.",212,19,16,81
362,Enquiry on Geology,480512.62,2017-02-26,2020-12-15,"m  nq pnb  mgn d prrn mn, nr rdl m. Vvm vblm g pn. m  nq pnb  mgn d prrn mn, nr rdl m.

m vl g. Vblm rrm rrm nq. nn r grvd m.",130,2,28,82
363,Experiment on Electrical Engineering,510363.38,2020-06-17,2022-04-07,"Mrb nn l. lqm  m dm n mgn bbndm mprd. Nllm r pd, vnn nn, dl d, ndn , fl.

F pr fl d l. Mrb m mr, lr , rhn lq, plvnr d, nl. Nn rhn d vl m.",55,14,95,83
364,Enquiry on Anatomy,362104.6,2018-04-17,2019-12-23,"Mrb nn l. lqm  m dm n mgn bbndm mprd. Nllm r pd, vnn nn, dl d, ndn , fl.

F pr fl d l. Mrb m mr, lr , rhn lq, plvnr d, nl. Nn rhn d vl m.

d g. Nm ng, r mpr pr vlp, qm pd lbr lgl,  m lfnd pd lbr q r. Nllm ml nbh n l.",258,26,63,75
365,Study on Geology,319044.6,2021-01-03,2023-08-29,"Vblm   ln n vnn rq. F ng, dm d rnr mprd, pn rn prm nl,  vlp pn r d g. lqm r vlp.

n ng. m j. m prm l j.

n h hb pl dm. m fb r rn.  ll.",830,18,90,2
366,Experiment on Computer Science,339995.84,2020-12-15,2024-11-08,"Mr nm l, rhn d, vblm  m, r d, rp. ngr lq, m d lbr nvll, rr r dpb g, vl mn ll n  r. Mr ln pn q lbr.

Nllm  m rp lmnm lgl vhl nq. Mrb  pm. ngr  nbh.

n q j. Mn rhn lqm l. Mrb q rr d nll lr lq.",124,21,44,28
367,Study on Anatomy,597659.0,2017-11-08,2019-01-18,"pnd pn. n lfnd qm  d. n h hb pl dm.

Mn  m q g l ndn. Nll mll ml lrm. Qq  r.

rbr grvd n  nbh. n h hb pl dm. lqm g qm, lldn v, nr g, rrm , lrm.",648,27,85,75
368,Experiment on Anatomy,202490.66,2020-03-15,2023-09-23,"d n. Vvm rr. D m g m.

nn frmnm. Dn  mr g m mpr nvll. Nll nq lbr, nvll g, lfnd l, lr , nbh.

Qq d j  m pn dgnm vblm. Vblm n pm prm n fb r l  lr pr bl r; Nll dpb dlr vl . Dn d j, lldn , p , fg , r.",685,36,89,49
369,Study on Physics,875089.9,2019-03-06,2020-05-15,"Nll  r d mr vlp lmnm. Nllm vr. Nll fl.

r nn vl n n vlp nnmmy. Mn ndn l  vl. Vvm vl nll g r lmnm pllnq.",390,30,92,28
370,Experiment on Biology,565466.9,2021-03-26,2023-04-06,"Prn l d, prr d, nq n, nq , nll. d mn fl.   dlr q d nq vr.

ngr  l. Pllnq lr m d. Dn v n.

Nm lr, lbr nn m plvnr, nll pd llmrpr g,  p nll l  nll. d vl nm  m nn vvrr dpb. Nll p lgl n l.",693,42,78,75
371,Enquiry on Physics,452319.7,2019-06-26,2020-11-18,Nll  r d mr vlp lmnm. Nllm vr. Nll fl.,683,20,51,28
372,Enquiry on Chemistry,188071.8,2017-04-18,2020-12-13,"Prn blnd. Nm nll. ngr pd j, ln g, ndn g, mp vl, pd.

Mrb prr lrm d lgl. pnd rnr nq l. n  r, r d, rq n, mp  m, m.

F nq. Nll nl. Nn nl.",489,38,24,7
373,Research on the field of Chemistry,745179.06,2018-04-27,2019-05-07,"m  nq pnb  mgn d prrn mn, nr rdl m. Vvm vblm g pn. m  nq pnb  mgn d prrn mn, nr rdl m.

m vl g. Vblm rrm rrm nq. nn r grvd m.",199,23,64,4
374,Research on the field of Biology,142696.02,2020-06-13,2023-06-23,"Mr nm l, rhn d, vblm  m, r d, rp. ngr lq, m d lbr nvll, rr r dpb g, vl mn ll n  r. Mr ln pn q lbr.

Nllm  m rp lmnm lgl vhl nq. Mrb  pm. ngr  nbh.

n q j. Mn rhn lqm l. Mrb q rr d nll lr lq.",450,35,74,28
375,Study on Biology,750563.25,2021-01-25,2022-04-18,"Vblm qm pn, vr , blnd nn, nrdm n, n. Vblm n pm prm n fb r l  lr pr bl r; D fb mn d. rbr nvll.",831,43,71,34
376,Experiment on Physics,655699.06,2018-05-13,2019-10-27,"F pr fl d l. Mrb m mr, lr , rhn lq, plvnr d, nl. Nn rhn d vl m.",475,16,88,36
377,Research on the field of Physics,368587.84,2017-06-20,2020-12-20,"n q j. Mn rhn lqm l. Mrb q rr d nll lr lq.

Mn l d, ndmnm d, l n, ml d, j. Pllnq vvrr pd  dm. r pllnq vlp d.

Mn rq,   mp mpr,  qm phrr mgn,  nq m pn  nn. Vblm n pm prm n fb r l  lr pr bl r; Mr vvrr dm v qm. pnd pn.",829,6,38,1
378,Research on the field of Electrical Engineering,874421.1,2022-02-03,2024-08-16,"Pllnq  nll. pnd pn. r n pr  mgn vlp l.

m  nq pnb  mgn d prrn mn, nr rdl m. Vvm vblm g pn. m  nq pnb  mgn d prrn mn, nr rdl m.",715,17,67,28
379,Study on Anatomy,253382.25,2018-02-16,2019-10-13,"ngr  l. Pllnq lr m d. Dn v n.

Nm lr, lbr nn m plvnr, nll pd llmrpr g,  p nll l  nll. d vl nm  m nn vvrr dpb. Nll p lgl n l.

rbr  pm  ll mpr nrdm. Mr llmrpr pr  m nll. Qq r lbr, rrm , lbr vl, dpb , dm.",252,41,17,75
380,Enquiry on Biotechnology,251577.16,2022-02-08,2023-09-24,"Prn nrdm mr nn lgl pllnq lr. Phll d pn n pn l ng. Vvm m r, dpng ml, hndrr , vlp v, nl.

nn l. Pllnq g nn. Dn q r g r vhl ndmnm.

rbr n lbr  m vlp nvll. Mrb d d, lmnm , nrdm , ndn n, l. Mn plvnr lbr .",695,32,46,28
381,Enquiry on Geology,945693.0,2019-06-01,2022-10-20,"Phll n fl. Dn mpr pn  lbr. Nm d.

Prn l d, prr d, nq n, nq , nll. d mn fl.   dlr q d nq vr.",153,13,52,6
382,Research on the field of Biology,112553.0,2018-04-13,2019-06-14,"Pllnq  nll. pnd pn. r n pr  mgn vlp l.

m  nq pnb  mgn d prrn mn, nr rdl m. Vvm vblm g pn. m  nq pnb  mgn d prrn mn, nr rdl m.

m vl g. Vblm rrm rrm nq. nn r grvd m.",313,28,15,9
383,Research on the field of Statistics,153480.5,2019-08-23,2022-05-05,"nn frmnm. Dn  mr g m mpr nvll. Nll nq lbr, nvll g, lfnd l, lr , nbh.

Qq d j  m pn dgnm vblm. Vblm n pm prm n fb r l  lr pr bl r; Nll dpb dlr vl . Dn d j, lldn , p , fg , r.",196,39,49,51
384,Experiment on Computer Science,783441.8,2016-11-29,2018-02-06,"Prn nrdm mr nn lgl pllnq lr. Phll d pn n pn l ng. Vvm m r, dpng ml, hndrr , vlp v, nl.

nn l. Pllnq g nn. Dn q r g r vhl ndmnm.",306,4,61,47
385,Research on the field of Biotechnology,730332.4,2018-01-27,2020-07-19,ngr ndn n vl pm. Prn blnd ln r. Vblm d mgn  nn mmd plr.,619,7,87,75
386,Experiment on Computer Science,898617.1,2020-07-02,2022-01-08,"Vblm qm pn, vr , blnd nn, nrdm n, n. Vblm n pm prm n fb r l  lr pr bl r; D fb mn d. rbr nvll.

D nq d n n vlp lfnd. Dn  dlr. Mrb vl l n qm frngll rhn.",254,49,37,85
387,Enquiry on Biotechnology,512929.2,2021-03-30,2023-11-06,"lqm q rp g l dl lrq. Mr  m r. pnd mn rr q rp.

d n. Vvm rr. D m g m.",539,34,12,50
388,Experiment on Computer Science,182819.66,2022-05-07,2024-01-21,"n g d vl nl. D  nbh. F l pr, lq , fg nn, prm q, l.",99,10,8,75
389,Study on Anatomy,570809.0,2017-12-31,2020-05-09,"r m pd, mld n, mprd , mmd vlp, j. n blnd lr nm. Lrm pm dlr  m, nr dpng l.",315,33,42,8
390,Enquiry on Biology,724216.0,2019-12-16,2022-11-04,"lqm q rp g l dl lrq. Mr  m r. pnd mn rr q rp.

d n. Vvm rr. D m g m.

nn frmnm. Dn  mr g m mpr nvll. Nll nq lbr, nvll g, lfnd l, lr , nbh.",781,9,58,10
391,Research on the field of Geology,880691.4,2017-11-22,2019-04-11,"ngr ndn n vl pm. Prn blnd ln r. Vblm d mgn  nn mmd plr.

Prn blnd. Nm nll. ngr pd j, ln g, ndn g, mp vl, pd.

Mrb prr lrm d lgl. pnd rnr nq l. n  r, r d, rq n, mp  m, m.",134,31,57,37
392,Research on the field of Wave Physics,166812.66,2018-12-23,2020-08-29,"Nm lr, lbr nn m plvnr, nll pd llmrpr g,  p nll l  nll. d vl nm  m nn vvrr dpb. Nll p lgl n l.

rbr  pm  ll mpr nrdm. Mr llmrpr pr  m nll. Qq r lbr, rrm , lbr vl, dpb , dm.",816,11,3,78
393,Study on Computer Science,272211.53,2020-07-01,2023-04-06,"Nm lr, lbr nn m plvnr, nll pd llmrpr g,  p nll l  nll. d vl nm  m nn vvrr dpb. Nll p lgl n l.",561,22,65,28
394,Enquiry on Statistics,981243.9,2018-09-14,2020-12-15,"Qq pr vlp r. Qq r r, vvrr g, ng g, mpr rrm, nll. Nn pr.

Phll n fl. Dn mpr pn  lbr. Nm d.",98,45,79,75
395,Enquiry on Chemistry,286121.22,2016-05-04,2019-07-14,"r nn vl n n vlp nnmmy. Mn ndn l  vl. Vvm vl nll g r lmnm pllnq.

Qq pr vlp r. Qq r r, vvrr g, ng g, mpr rrm, nll. Nn pr.

Phll n fl. Dn mpr pn  lbr. Nm d.",37,50,45,89
396,Research on the field of Chemistry,603724.44,2021-10-13,2023-12-15,"n g d vl nl. D  nbh. F l pr, lq , fg nn, prm q, l.",984,5,21,87
397,Experiment on Mechanical Engineering,152789.88,2016-01-16,2019-04-26,n h hb pl dm. m fb r rn.  ll.,761,44,14,28
398,Enquiry on Wave Physics,943662.1,2021-01-24,2022-06-06,"Mn rq,   mp mpr,  qm phrr mgn,  nq m pn  nn. Vblm n pm prm n fb r l  lr pr bl r; Mr vvrr dm v qm. pnd pn.

Nllm prr l  rp. Dn pr m v pm. lqm nn mr.

Mrb nn l. lqm  m dm n mgn bbndm mprd. Nllm r pd, vnn nn, dl d, ndn , fl.",230,47,22,75
399,Research on the field of Physics,745694.94,2019-03-22,2020-08-28,"Qq pr vlp r. Qq r r, vvrr g, ng g, mpr rrm, nll. Nn pr.",269,15,76,3
400,Study on Electrical Engineering,922856.2,2019-10-02,2022-02-24,Nll  r d mr vlp lmnm. Nllm vr. Nll fl.,837,8,9,14
401,Experiment on Computer Science,754408.5,2016-01-14,2017-05-04,"n g d vl nl. D  nbh. F l pr, lq , fg nn, prm q, l.

pnd pn. n lfnd qm  d. n h hb pl dm.",903,39,73,28
402,Experiment on Biotechnology,539324.0,2021-12-11,2023-04-22,"Mr nm l, rhn d, vblm  m, r d, rp. ngr lq, m d lbr nvll, rr r dpb g, vl mn ll n  r. Mr ln pn q lbr.

Nllm  m rp lmnm lgl vhl nq. Mrb  pm. ngr  nbh.",96,44,30,75
403,Research on the field of Anatomy,759607.5,2016-09-10,2017-09-21,"ngr  l. Pllnq lr m d. Dn v n.

Nm lr, lbr nn m plvnr, nll pd llmrpr g,  p nll l  nll. d vl nm  m nn vvrr dpb. Nll p lgl n l.",352,19,6,75
404,Enquiry on Physics,966284.4,2018-12-29,2021-03-14,"n h hb pl dm. Mrb vblm, vl d prm l, dm r frmnm j, n ndmnm nq pn plr n. Nll j.

lqm q rp g l dl lrq. Mr  m r. pnd mn rr q rp.",608,17,80,28
405,Research on the field of Biology,903796.06,2019-05-22,2022-09-18,r nn vl n n vlp nnmmy. Mn ndn l  vl. Vvm vl nll g r lmnm pllnq.,864,20,68,35
406,Enquiry on Mechanical Engineering,713085.0,2022-01-04,2025-04-20,"Mrb nn l. lqm  m dm n mgn bbndm mprd. Nllm r pd, vnn nn, dl d, ndn , fl.

F pr fl d l. Mrb m mr, lr , rhn lq, plvnr d, nl. Nn rhn d vl m.

d g. Nm ng, r mpr pr vlp, qm pd lbr lgl,  m lfnd pd lbr q r. Nllm ml nbh n l.",634,31,56,46
407,Research on the field of Geology,413743.03,2017-09-22,2019-04-02,"Mrb nn l. lqm  m dm n mgn bbndm mprd. Nllm r pd, vnn nn, dl d, ndn , fl.",466,45,33,75
408,Enquiry on Wave Physics,385183.25,2020-04-09,2024-01-01,"Nm lr, lbr nn m plvnr, nll pd llmrpr g,  p nll l  nll. d vl nm  m nn vvrr dpb. Nll p lgl n l.",692,10,66,84
409,Research on the field of Biotechnology,861247.0,2018-09-28,2021-08-16,"m vl g. Vblm rrm rrm nq. nn r grvd m.

Prn d m d nl vnn ln. nn  m j. Mrb  d.

r m pd, mld n, mprd , mmd vlp, j. n blnd lr nm. Lrm pm dlr  m, nr dpng l.",583,11,86,39
410,Enquiry on Biology,563218.75,2020-11-18,2022-08-19,"n g d vl nl. D  nbh. F l pr, lq , fg nn, prm q, l.

pnd pn. n lfnd qm  d. n h hb pl dm.

Mn  m q g l ndn. Nll mll ml lrm. Qq  r.",8,27,35,11
411,Experiment on Computer Science,118982.57,2020-05-03,2023-03-05,"Mrb prr lrm d lgl. pnd rnr nq l. n  r, r d, rq n, mp  m, m.

F nq. Nll nl. Nn nl.

D bbndm, fl d nrdm vnn, rp nm blnd m, n prr pd j  m. Dn dpb. D  vl   ng lmnm.",893,4,57,28
412,Experiment on Physics,527891.9,2017-10-08,2021-07-20,"Prn  m. Nll  nm. n mpr, rp n md lrq, qm rp dpng lrm, v m nbh lgl n m.

D lqm nvll nn. Prn  rp  pd pr nnmmy. ngr nn vl.",220,24,69,38
413,Experiment on Chemistry,251376.2,2019-07-15,2021-02-08,"Mn rq,   mp mpr,  qm phrr mgn,  nq m pn  nn. Vblm n pm prm n fb r l  lr pr bl r; Mr vvrr dm v qm. pnd pn.

Nllm prr l  rp. Dn pr m v pm. lqm nn mr.",683,8,85,80
414,Experiment on Computer Science,444873.72,2018-07-07,2020-07-24,"ngr  l. Pllnq lr m d. Dn v n.

Nm lr, lbr nn m plvnr, nll pd llmrpr g,  p nll l  nll. d vl nm  m nn vvrr dpb. Nll p lgl n l.

rbr  pm  ll mpr nrdm. Mr llmrpr pr  m nll. Qq r lbr, rrm , lbr vl, dpb , dm.",31,2,88,76
415,Research on the field of Mechanical Engineering,571537.25,2017-01-10,2019-08-06,"rbr n lbr  m vlp nvll. Mrb d d, lmnm , nrdm , ndn n, l. Mn plvnr lbr .

Phll  m r. Nll mp. Vvm n fl  pn r vblm.",402,30,39,75
416,Study on Statistics,759462.94,2020-10-21,2024-01-12,"d g. Nm ng, r mpr pr vlp, qm pd lbr lgl,  m lfnd pd lbr q r. Nllm ml nbh n l.",427,33,71,28
417,Enquiry on Computer Science,713996.44,2017-07-24,2019-11-06,"Qq pr vlp r. Qq r r, vvrr g, ng g, mpr rrm, nll. Nn pr.

Phll n fl. Dn mpr pn  lbr. Nm d.

Prn l d, prr d, nq n, nq , nll. d mn fl.   dlr q d nq vr.",819,25,70,48
418,Study on Electrical Engineering,216423.4,2016-01-31,2019-03-17,"rbr n lbr  m vlp nvll. Mrb d d, lmnm , nrdm , ndn n, l. Mn plvnr lbr .

Phll  m r. Nll mp. Vvm n fl  pn r vblm.

Prn  m. Nll  nm. n mpr, rp n md lrq, qm rp dpng lrm, v m nbh lgl n m.",871,12,55,90
419,Enquiry on Quantum Mechanics,495162.28,2018-02-03,2021-07-08,"F pr fl d l. Mrb m mr, lr , rhn lq, plvnr d, nl. Nn rhn d vl m.

d g. Nm ng, r mpr pr vlp, qm pd lbr lgl,  m lfnd pd lbr q r. Nllm ml nbh n l.

Pllnq  nll. pnd pn. r n pr  mgn vlp l.",802,32,91,12
420,Enquiry on Computer Science,508847.12,2016-06-07,2019-06-08,"Nllm  m rp lmnm lgl vhl nq. Mrb  pm. ngr  nbh.

n q j. Mn rhn lqm l. Mrb q rr d nll lr lq.

Mn l d, ndmnm d, l n, ml d, j. Pllnq vvrr pd  dm. r pllnq vlp d.",680,37,4,75
421,Experiment on Physics,432200.03,2017-04-10,2018-06-04,"Vblm qm pn, vr , blnd nn, nrdm n, n. Vblm n pm prm n fb r l  lr pr bl r; D fb mn d. rbr nvll.

D nq d n n vlp lfnd. Dn  dlr. Mrb vl l n qm frngll rhn.

Mr nm l, rhn d, vblm  m, r d, rp. ngr lq, m d lbr nvll, rr r dpb g, vl mn ll n  r. Mr ln pn q lbr.",489,3,29,33
422,Study on Physics,418942.84,2020-04-19,2023-03-08,n ng. m j. m prm l j.,343,48,83,28
423,Experiment on Physics,913874.0,2017-10-26,2019-07-27,"D nq d n n vlp lfnd. Dn  dlr. Mrb vl l n qm frngll rhn.

Mr nm l, rhn d, vblm  m, r d, rp. ngr lq, m d lbr nvll, rr r dpb g, vl mn ll n  r. Mr ln pn q lbr.",821,42,63,75
424,Research on the field of Mechanical Engineering,654758.7,2016-09-25,2018-01-27,n ng. m j. m prm l j.,10,49,82,77
425,Enquiry on Geology,346816.34,2019-11-16,2022-04-24,m vl g. Vblm rrm rrm nq. nn r grvd m.,746,29,3,40
426,Experiment on Chemistry,381935.7,2018-08-17,2019-11-07,"nn frmnm. Dn  mr g m mpr nvll. Nll nq lbr, nvll g, lfnd l, lr , nbh.

Qq d j  m pn dgnm vblm. Vblm n pm prm n fb r l  lr pr bl r; Nll dpb dlr vl . Dn d j, lldn , p , fg , r.",767,23,36,5
427,Study on Electrical Engineering,598342.0,2017-12-20,2020-04-03,"Qq pr vlp r. Qq r r, vvrr g, ng g, mpr rrm, nll. Nn pr.",94,1,28,28
428,Experiment on Biotechnology,627678.7,2022-05-28,2026-03-25,"F pr fl d l. Mrb m mr, lr , rhn lq, plvnr d, nl. Nn rhn d vl m.

d g. Nm ng, r mpr pr vlp, qm pd lbr lgl,  m lfnd pd lbr q r. Nllm ml nbh n l.

Pllnq  nll. pnd pn. r n pr  mgn vlp l.",384,7,77,44
429,Study on Physics,499096.44,2017-05-05,2020-02-15,m vl g. Vblm rrm rrm nq. nn r grvd m.,159,38,12,28
430,Study on Biology,535941.4,2017-01-21,2020-04-27,"Qq pr vlp r. Qq r r, vvrr g, ng g, mpr rrm, nll. Nn pr.

Phll n fl. Dn mpr pn  lbr. Nm d.

Prn l d, prr d, nq n, nq , nll. d mn fl.   dlr q d nq vr.",476,40,25,42
431,Study on Anatomy,430833.1,2017-03-16,2020-03-30,"Vblm qm pn, vr , blnd nn, nrdm n, n. Vblm n pm prm n fb r l  lr pr bl r; D fb mn d. rbr nvll.",590,6,17,75
432,Enquiry on Computer Science,785558.3,2016-03-12,2017-04-26,"Lrm pm dlr  m, nr dpng l. Prn r. Prn l.

Vblm qm pn, vr , blnd nn, nrdm n, n. Vblm n pm prm n fb r l  lr pr bl r; D fb mn d. rbr nvll.",356,43,58,75
433,Study on Mechanical Engineering,421260.62,2019-03-05,2020-06-30,"Dn dm nq, vblm g, vlp , lr vl, g. Vblm n pm prm n fb r l  lr pr bl r; Dn phrr, mgn vblm lq lr, r rr lldn m,  m lbr pn pn nn m. ngr  nq.",271,34,75,9
434,Study on Physics,727359.75,2016-12-19,2019-07-20,"Vblm qm pn, vr , blnd nn, nrdm n, n. Vblm n pm prm n fb r l  lr pr bl r; D fb mn d. rbr nvll.

D nq d n n vlp lfnd. Dn  dlr. Mrb vl l n qm frngll rhn.",699,22,65,75
435,Research on the field of Anatomy,537899.7,2017-01-06,2019-07-31,"nn frmnm. Dn  mr g m mpr nvll. Nll nq lbr, nvll g, lfnd l, lr , nbh.",408,9,94,75
436,Research on the field of Anatomy,279620.38,2018-09-21,2020-03-22,"Nll  r d mr vlp lmnm. Nllm vr. Nll fl.

r nn vl n n vlp nnmmy. Mn ndn l  vl. Vvm vl nll g r lmnm pllnq.",949,18,37,75
437,Study on Anatomy,140900.9,2016-03-31,2019-05-08,"Nllm prr l  rp. Dn pr m v pm. lqm nn mr.

Mrb nn l. lqm  m dm n mgn bbndm mprd. Nllm r pd, vnn nn, dl d, ndn , fl.

F pr fl d l. Mrb m mr, lr , rhn lq, plvnr d, nl. Nn rhn d vl m.",334,26,31,28
438,Research on the field of Quantum Mechanics,120948.06,2016-05-15,2020-04-09,"nn l. Pllnq g nn. Dn q r g r vhl ndmnm.

rbr n lbr  m vlp nvll. Mrb d d, lmnm , nrdm , ndn n, l. Mn plvnr lbr .",371,50,93,13
439,Enquiry on Anatomy,228333.16,2019-07-07,2022-04-19,"D bbndm. Mrb nn qm n d l rrm. Nll ll.

n g d vl nl. D  nbh. F l pr, lq , fg nn, prm q, l.

pnd pn. n lfnd qm  d. n h hb pl dm.",357,46,20,75
440,Enquiry on Chemistry,382156.44,2016-02-09,2018-08-25,"Dn dm nq, vblm g, vlp , lr vl, g. Vblm n pm prm n fb r l  lr pr bl r; Dn phrr, mgn vblm lq lr, r rr lldn m,  m lbr pn pn nn m. ngr  nq.",336,28,26,28
441,Study on Anatomy,282002.16,2020-12-01,2022-08-25,"Nllm prr l  rp. Dn pr m v pm. lqm nn mr.

Mrb nn l. lqm  m dm n mgn bbndm mprd. Nllm r pd, vnn nn, dl d, ndn , fl.

F pr fl d l. Mrb m mr, lr , rhn lq, plvnr d, nl. Nn rhn d vl m.",922,47,84,45
442,Research on the field of Wave Physics,424988.5,2019-11-20,2022-07-06,"Mr nm l, rhn d, vblm  m, r d, rp. ngr lq, m d lbr nvll, rr r dpb g, vl mn ll n  r. Mr ln pn q lbr.

Nllm  m rp lmnm lgl vhl nq. Mrb  pm. ngr  nbh.",911,13,53,28
443,Experiment on Physics,951451.0,2020-05-31,2023-06-20,Nllm  m rp lmnm lgl vhl nq. Mrb  pm. ngr  nbh.,912,36,46,28
444,Experiment on Wave Physics,166431.45,2016-10-22,2017-11-15,n ng. m j. m prm l j.,909,35,79,79
445,Study on Wave Physics,565775.3,2019-07-14,2022-12-18,"Qq d j  m pn dgnm vblm. Vblm n pm prm n fb r l  lr pr bl r; Nll dpb dlr vl . Dn d j, lldn , p , fg , r.

Vblm   ln n vnn rq. F ng, dm d rnr mprd, pn rn prm nl,  vlp pn r d g. lqm r vlp.

n ng. m j. m prm l j.",309,41,2,75
446,Experiment on Mechanical Engineering,183178.45,2021-01-24,2023-09-27,m vl g. Vblm rrm rrm nq. nn r grvd m.,670,14,60,75
447,Enquiry on Quantum Mechanics,659318.4,2020-02-23,2023-08-27,"Mn l d, ndmnm d, l n, ml d, j. Pllnq vvrr pd  dm. r pllnq vlp d.

Mn rq,   mp mpr,  qm phrr mgn,  nq m pn  nn. Vblm n pm prm n fb r l  lr pr bl r; Mr vvrr dm v qm. pnd pn.

Nllm prr l  rp. Dn pr m v pm. lqm nn mr.",886,15,42,41
448,Research on the field of Biology,840683.3,2018-05-06,2021-11-09,"Nm lr, lbr nn m plvnr, nll pd llmrpr g,  p nll l  nll. d vl nm  m nn vvrr dpb. Nll p lgl n l.",928,16,96,86
449,Research on the field of Biology,617295.8,2022-04-17,2026-02-22,Nllm prr l  rp. Dn pr m v pm. lqm nn mr.,635,5,62,28
450,Enquiry on Wave Physics,381143.12,2018-12-19,2020-11-02,"rbr grvd n  nbh. n h hb pl dm. lqm g qm, lldn v, nr g, rrm , lrm.",961,21,89,5
451,Study on Geology,848454.1,2020-09-20,2022-06-13,"rbr n lbr  m vlp nvll. Mrb d d, lmnm , nrdm , ndn n, l. Mn plvnr lbr .

Phll  m r. Nll mp. Vvm n fl  pn r vblm.

Prn  m. Nll  nm. n mpr, rp n md lrq, qm rp dpng lrm, v m nbh lgl n m.",900,21,48,52
452,Research on the field of Mechanical Engineering,864266.5,2016-08-02,2019-02-11,"Vblm   ln n vnn rq. F ng, dm d rnr mprd, pn rn prm nl,  vlp pn r d g. lqm r vlp.

n ng. m j. m prm l j.",485,33,54,28
453,Research on the field of Quantum Mechanics,890860.7,2016-07-26,2020-06-04,"Vblm qm pn, vr , blnd nn, nrdm n, n. Vblm n pm prm n fb r l  lr pr bl r; D fb mn d. rbr nvll.

D nq d n n vlp lfnd. Dn  dlr. Mrb vl l n qm frngll rhn.",675,16,24,77
454,Experiment on Biotechnology,669822.5,2019-11-02,2021-11-15,"Dn dm nq, vblm g, vlp , lr vl, g. Vblm n pm prm n fb r l  lr pr bl r; Dn phrr, mgn vblm lq lr, r rr lldn m,  m lbr pn pn nn m. ngr  nq.

D bbndm. Mrb nn qm n d l rrm. Nll ll.",576,12,100,75
455,Research on the field of Chemistry,878747.25,2019-10-25,2022-02-21,"r m pd, mld n, mprd , mmd vlp, j. n blnd lr nm. Lrm pm dlr  m, nr dpng l.",599,3,41,84
456,Experiment on Quantum Mechanics,682770.94,2019-11-05,2022-12-21,"D nq d n n vlp lfnd. Dn  dlr. Mrb vl l n qm frngll rhn.

Mr nm l, rhn d, vblm  m, r d, rp. ngr lq, m d lbr nvll, rr r dpb g, vl mn ll n  r. Mr ln pn q lbr.",477,37,1,28
457,Study on Computer Science,729165.06,2021-02-18,2024-06-25,"D nq d n n vlp lfnd. Dn  dlr. Mrb vl l n qm frngll rhn.

Mr nm l, rhn d, vblm  m, r d, rp. ngr lq, m d lbr nvll, rr r dpb g, vl mn ll n  r. Mr ln pn q lbr.",548,31,59,37
458,Experiment on Biotechnology,389054.03,2019-08-23,2022-10-24,"n q j. Mn rhn lqm l. Mrb q rr d nll lr lq.

Mn l d, ndmnm d, l n, ml d, j. Pllnq vvrr pd  dm. r pllnq vlp d.",788,17,47,79
459,Study on Biology,499780.62,2021-01-17,2023-09-29,"n g d vl nl. D  nbh. F l pr, lq , fg nn, prm q, l.

pnd pn. n lfnd qm  d. n h hb pl dm.

Mn  m q g l ndn. Nll mll ml lrm. Qq  r.",725,13,15,3
460,Research on the field of Biotechnology,341425.44,2018-09-01,2020-04-22,"nn frmnm. Dn  mr g m mpr nvll. Nll nq lbr, nvll g, lfnd l, lr , nbh.",374,6,49,12
461,Experiment on Statistics,460079.28,2018-06-04,2021-10-25,"Mn rq,   mp mpr,  qm phrr mgn,  nq m pn  nn. Vblm n pm prm n fb r l  lr pr bl r; Mr vvrr dm v qm. pnd pn.",975,2,78,28
462,Enquiry on Wave Physics,613930.25,2021-06-15,2022-09-28,"m  nq pnb  mgn d prrn mn, nr rdl m. Vvm vblm g pn. m  nq pnb  mgn d prrn mn, nr rdl m.

m vl g. Vblm rrm rrm nq. nn r grvd m.",834,18,22,28
463,Research on the field of Statistics,326854.6,2021-03-12,2023-12-17,Phll  m r. Nll mp. Vvm n fl  pn r vblm.,607,25,99,90
464,Enquiry on Statistics,793245.0,2020-01-01,2021-05-24,"ngr ndn n vl pm. Prn blnd ln r. Vblm d mgn  nn mmd plr.

Prn blnd. Nm nll. ngr pd j, ln g, ndn g, mp vl, pd.",75,5,38,52
465,Enquiry on Mechanical Engineering,652112.3,2017-09-05,2021-07-17,"D lqm nvll nn. Prn  rp  pd pr nnmmy. ngr nn vl.

Dn dm nq, vblm g, vlp , lr vl, g. Vblm n pm prm n fb r l  lr pr bl r; Dn phrr, mgn vblm lq lr, r rr lldn m,  m lbr pn pn nn m. ngr  nq.",193,14,5,28
466,Study on Computer Science,543905.0,2017-01-25,2020-07-21,"Prn nrdm mr nn lgl pllnq lr. Phll d pn n pn l ng. Vvm m r, dpng ml, hndrr , vlp v, nl.

nn l. Pllnq g nn. Dn q r g r vhl ndmnm.",585,42,13,28
467,Experiment on Quantum Mechanics,462516.75,2018-04-30,2020-09-17,"rbr n lbr  m vlp nvll. Mrb d d, lmnm , nrdm , ndn n, l. Mn plvnr lbr .

Phll  m r. Nll mp. Vvm n fl  pn r vblm.",379,7,67,42
468,Enquiry on Geology,810084.6,2017-10-11,2020-06-22,"Phll n fl. Dn mpr pn  lbr. Nm d.

Prn l d, prr d, nq n, nq , nll. d mn fl.   dlr q d nq vr.",92,8,95,75
469,Experiment on Mechanical Engineering,169785.92,2018-02-28,2020-08-02,"m vl g. Vblm rrm rrm nq. nn r grvd m.

Prn d m d nl vnn ln. nn  m j. Mrb  d.",250,28,44,40
470,Enquiry on Anatomy,384996.22,2019-07-01,2022-09-19,"d g. Nm ng, r mpr pr vlp, qm pd lbr lgl,  m lfnd pd lbr q r. Nllm ml nbh n l.",171,36,81,28
471,Study on Mechanical Engineering,893007.7,2017-02-18,2020-03-03,"Mr nm l, rhn d, vblm  m, r d, rp. ngr lq, m d lbr nvll, rr r dpb g, vl mn ll n  r. Mr ln pn q lbr.

Nllm  m rp lmnm lgl vhl nq. Mrb  pm. ngr  nbh.

n q j. Mn rhn lqm l. Mrb q rr d nll lr lq.",752,11,11,75
472,Study on Geology,913283.06,2018-11-16,2020-05-26,"D bbndm, fl d nrdm vnn, rp nm blnd m, n prr pd j  m. Dn dpb. D  vl   ng lmnm.",36,46,7,7
473,Enquiry on Geology,814341.56,2017-01-18,2020-07-24,"Vblm qm pn, vr , blnd nn, nrdm n, n. Vblm n pm prm n fb r l  lr pr bl r; D fb mn d. rbr nvll.

D nq d n n vlp lfnd. Dn  dlr. Mrb vl l n qm frngll rhn.

Mr nm l, rhn d, vblm  m, r d, rp. ngr lq, m d lbr nvll, rr r dpb g, vl mn ll n  r. Mr ln pn q lbr.",918,29,45,4
474,Enquiry on Biology,488345.62,2022-01-09,2024-05-04,"Vblm qm pn, vr , blnd nn, nrdm n, n. Vblm n pm prm n fb r l  lr pr bl r; D fb mn d. rbr nvll.

D nq d n n vlp lfnd. Dn  dlr. Mrb vl l n qm frngll rhn.",718,45,18,75
475,Research on the field of Geology,718118.3,2021-01-20,2023-05-11,"ngr ndn n vl pm. Prn blnd ln r. Vblm d mgn  nn mmd plr.

Prn blnd. Nm nll. ngr pd j, ln g, ndn g, mp vl, pd.

Mrb prr lrm d lgl. pnd rnr nq l. n  r, r d, rq n, mp  m, m.",117,22,32,75
476,Research on the field of Physics,963676.3,2020-02-13,2022-12-27,"ngr  l. Pllnq lr m d. Dn v n.

Nm lr, lbr nn m plvnr, nll pd llmrpr g,  p nll l  nll. d vl nm  m nn vvrr dpb. Nll p lgl n l.

rbr  pm  ll mpr nrdm. Mr llmrpr pr  m nll. Qq r lbr, rrm , lbr vl, dpb , dm.",770,38,72,52
477,Enquiry on Anatomy,280968.12,2021-03-17,2025-01-23,"Prn nrdm mr nn lgl pllnq lr. Phll d pn n pn l ng. Vvm m r, dpng ml, hndrr , vlp v, nl.",118,43,21,36
478,Research on the field of Quantum Mechanics,809642.4,2017-12-11,2019-04-25,D lqm nvll nn. Prn  rp  pd pr nnmmy. ngr nn vl.,164,39,19,28
479,Research on the field of Biology,197040.86,2021-09-13,2025-07-20,"Mn  m q g l ndn. Nll mll ml lrm. Qq  r.

rbr grvd n  nbh. n h hb pl dm. lqm g qm, lldn v, nr g, rrm , lrm.

ngr ndn n vl pm. Prn blnd ln r. Vblm d mgn  nn mmd plr.",874,30,51,75
480,Enquiry on Biotechnology,986796.25,2022-03-29,2024-08-06,"Mrb prr lrm d lgl. pnd rnr nq l. n  r, r d, rq n, mp  m, m.",63,49,14,28
481,Study on Computer Science,674633.5,2016-04-11,2019-03-02,F nq. Nll nl. Nn nl.,211,32,10,86
482,Experiment on Chemistry,420246.7,2021-04-20,2023-06-12,"Vblm qm pn, vr , blnd nn, nrdm n, n. Vblm n pm prm n fb r l  lr pr bl r; D fb mn d. rbr nvll.",650,10,74,13
483,Enquiry on Quantum Mechanics,496663.94,2020-08-08,2021-11-24,"Vblm   ln n vnn rq. F ng, dm d rnr mprd, pn rn prm nl,  vlp pn r d g. lqm r vlp.

n ng. m j. m prm l j.",145,26,64,75
484,Research on the field of Wave Physics,241662.72,2019-04-10,2020-07-29,"Vblm qm pn, vr , blnd nn, nrdm n, n. Vblm n pm prm n fb r l  lr pr bl r; D fb mn d. rbr nvll.

D nq d n n vlp lfnd. Dn  dlr. Mrb vl l n qm frngll rhn.",455,50,52,6
485,Research on the field of Mechanical Engineering,289648.0,2016-01-02,2019-11-15,"Prn nrdm mr nn lgl pllnq lr. Phll d pn n pn l ng. Vvm m r, dpng ml, hndrr , vlp v, nl.

nn l. Pllnq g nn. Dn q r g r vhl ndmnm.",804,47,97,89
486,Research on the field of Biotechnology,925928.3,2018-11-09,2022-07-04,n h hb pl dm. m fb r rn.  ll.,425,40,90,75
487,Research on the field of Statistics,508452.6,2016-09-15,2019-10-26,"r m pd, mld n, mprd , mmd vlp, j. n blnd lr nm. Lrm pm dlr  m, nr dpng l.",161,34,27,34
488,Study on Wave Physics,522361.56,2019-12-09,2021-06-14,"Vblm   ln n vnn rq. F ng, dm d rnr mprd, pn rn prm nl,  vlp pn r d g. lqm r vlp.

n ng. m j. m prm l j.

n h hb pl dm. m fb r rn.  ll.",460,44,92,39
489,Research on the field of Chemistry,495726.2,2018-12-18,2022-05-27,"Nm lr, lbr nn m plvnr, nll pd llmrpr g,  p nll l  nll. d vl nm  m nn vvrr dpb. Nll p lgl n l.

rbr  pm  ll mpr nrdm. Mr llmrpr pr  m nll. Qq r lbr, rrm , lbr vl, dpb , dm.",256,24,23,33
490,Research on the field of Computer Science,246834.31,2018-03-25,2019-04-03,"F pr fl d l. Mrb m mr, lr , rhn lq, plvnr d, nl. Nn rhn d vl m.

d g. Nm ng, r mpr pr vlp, qm pd lbr lgl,  m lfnd pd lbr q r. Nllm ml nbh n l.",540,27,50,28
491,Study on Mechanical Engineering,834344.3,2019-11-23,2021-01-11,"n q j. Mn rhn lqm l. Mrb q rr d nll lr lq.

Mn l d, ndmnm d, l n, ml d, j. Pllnq vvrr pd  dm. r pllnq vlp d.",449,48,40,47
492,Research on the field of Physics,805389.9,2020-07-02,2023-01-15,"Mrb prr lrm d lgl. pnd rnr nq l. n  r, r d, rq n, mp  m, m.",44,41,98,75
493,Experiment on Chemistry,443292.84,2018-02-22,2019-03-09,"d n. Vvm rr. D m g m.

nn frmnm. Dn  mr g m mpr nvll. Nll nq lbr, nvll g, lfnd l, lr , nbh.",766,19,61,75
494,Research on the field of Quantum Mechanics,834982.25,2016-01-16,2019-08-22,"m  nq pnb  mgn d prrn mn, nr rdl m. Vvm vblm g pn. m  nq pnb  mgn d prrn mn, nr rdl m.

m vl g. Vblm rrm rrm nq. nn r grvd m.

Prn d m d nl vnn ln. nn  m j. Mrb  d.",924,15,43,41
495,Experiment on Statistics,232258.45,2019-10-04,2020-12-22,F nq. Nll nl. Nn nl.,623,35,87,75
496,Study on Statistics,978562.7,2019-03-17,2023-02-02,"Lrm pm dlr  m, nr dpng l. Prn r. Prn l.

Vblm qm pn, vr , blnd nn, nrdm n, n. Vblm n pm prm n fb r l  lr pr bl r; D fb mn d. rbr nvll.

D nq d n n vlp lfnd. Dn  dlr. Mrb vl l n qm frngll rhn.",817,20,16,75
497,Experiment on Electrical Engineering,811502.7,2017-02-22,2018-05-17,Nll  r d mr vlp lmnm. Nllm vr. Nll fl.,960,23,8,75
498,Study on Electrical Engineering,997167.4,2021-03-21,2023-12-24,Mn  m q g l ndn. Nll mll ml lrm. Qq  r.,755,9,34,38
499,Study on Physics,492719.7,2020-03-03,2021-10-05,"r m pd, mld n, mprd , mmd vlp, j. n blnd lr nm. Lrm pm dlr  m, nr dpng l.

Prn nrdm mr nn lgl pllnq lr. Phll d pn n pn l ng. Vvm m r, dpng ml, hndrr , vlp v, nl.",215,4,54,75
500,Enquiry on Chemistry,453148.06,2020-05-22,2023-09-27,Phll n fl. Dn mpr pn  lbr. Nm d.,836,1,12,75
