res_id,first_name,last_name,gender,birthdate,empl_org,empl_date
1,Sheela,Hammonds,Female,10/21/1967,77,1/8/2021
2,Myriam,Bew,Female,1/28/1997,8,8/16/2020
3,Kevan,McIlraith,Male,1/27/1997,86,7/15/2020
4,Olimpia,Brookes,Female,8/20/1943,23,8/18/2019
5,Dur,Hardington,Male,7/18/1974,13,11/30/2020
6,Selma,Wace,Female,4/25/1946,11,3/10/2022
7,Alaster,Castrillo,Male,8/9/1964,34,12/10/2018
8,Cicily,Loftin,Female,9/15/1944,15,1/16/2022
9,Thatch,Trunks,Male,5/28/1976,83,7/5/2021
10,Alvis,Faichnie,Male,1/9/1969,69,1/30/2019
11,Morissa,Levings,Female,8/14/1983,66,8/28/2019
12,Ruddy,O'Lagene,Male,10/8/1953,55,12/24/2021
13,Harman,Wanek,Male,1/21/1950,56,4/29/2019
14,Kaitlyn,Mynett,Genderfluid,11/11/1982,90,10/22/2019
15,Cchaddie,Janda,Male,8/24/1994,60,2/6/2020
16,Reinhard,Thurborn,Male,1/8/1942,88,9/16/2019
17,Art,Bembrick,Male,3/7/1952,81,11/20/2018
18,Goldy,Myott,Female,9/21/1983,31,5/29/2022
19,Devlen,Rosettini,Male,2/23/1974,87,3/30/2021
20,Deanne,Twitty,Female,4/4/1976,14,12/31/2021
21,Barret,Meharry,Genderqueer,8/6/1989,32,6/9/2021
22,Adriana,Getten,Female,11/25/1960,33,12/15/2020
23,Imogene,Montgomery,Female,3/30/1947,76,2/10/2019
24,Dewie,Hurch,Male,4/1/1997,6,5/7/2020
25,Siusan,Peddowe,Female,5/31/1942,53,5/31/2020
26,Adams,Marques,Male,6/26/1996,2,6/19/2021
27,Leigh,Dell Casa,Female,10/4/1973,78,12/26/2019
28,Tasia,Jaimez,Female,3/26/1995,73,6/1/2022
29,Rudiger,Yearnsley,Male,4/20/1949,26,12/6/2019
30,Reid,Crook,Male,5/11/1954,40,6/9/2020
31,Ann,Berwick,Female,9/6/1943,19,7/4/2019
32,Artus,Wynch,Male,6/28/1962,63,8/21/2020
33,Cory,Dowell,Bigender,5/23/1941,62,11/20/2021
34,Lion,Evelyn,Male,11/1/1996,89,2/20/2021
35,Gennifer,Golby,Female,4/29/1996,18,9/29/2020
36,Fredericka,Edworthie,Female,1/15/1993,48,11/25/2020
37,Renado,Gillanders,Male,1/29/1952,50,4/26/2022
38,Donnie,Craker,Male,3/7/1988,58,9/10/2019
39,Emelina,Atwell,Female,6/9/1950,29,4/2/2022
40,Carmelita,Constantine,Agender,2/16/1968,39,3/10/2021
41,Mariellen,Heberden,Female,11/1/1957,45,6/19/2020
42,Becka,Moreman,Female,3/23/1987,4,3/1/2019
43,Bianca,Seligson,Female,5/22/1995,24,5/20/2021
44,Shina,Rowesby,Female,3/27/1983,75,9/25/2019
45,Abbie,Sawer,Female,2/22/1996,3,7/3/2021
46,Martynne,Rounsefell,Female,9/20/1993,10,9/10/2021
47,Hort,Callander,Male,8/10/1991,17,1/9/2019
48,Shirlee,Seifert,Genderqueer,7/8/1979,67,8/17/2019
49,Page,Berrick,Female,4/21/1948,22,8/9/2021
50,Eustacia,Loisi,Female,10/18/1947,35,11/10/2020
51,Renault,Galley,Male,9/22/1947,9,10/20/2018
52,Isabel,Vickars,Female,7/23/1992,12,5/26/2022
53,Shane,Batson,Female,7/2/1968,36,1/25/2020
54,Humfried,Liley,Male,9/26/1967,20,8/18/2019
55,Tybalt,Gabala,Male,10/27/1977,74,5/7/2022
56,Yorgo,Dinan,Male,1/22/1955,64,6/16/2020
57,Dolph,Cubbini,Male,3/20/1984,85,6/19/2019
58,Rivalee,Squier,Female,1/2/1982,37,1/26/2019
59,Elise,O'Neary,Female,12/20/1990,49,7/30/2020
60,Jordan,Tomashov,Male,1/12/1953,47,3/18/2020
61,Pennie,Childrens,Female,9/20/1975,16,12/10/2019
62,Bert,Benford,Female,11/29/1940,61,9/24/2019
63,Fiorenze,Althrope,Female,7/23/1982,84,3/27/2019
64,Lavinie,Parnaby,Female,10/31/1946,52,6/8/2021
65,Jeanna,Kubala,Female,12/12/1943,44,10/6/2021
66,Simone,Bodker,Female,6/1/1981,65,12/3/2021
67,Farand,Bennedsen,Female,11/7/1949,80,4/22/2019
68,Marillin,Dacks,Genderqueer,7/26/1988,21,2/3/2020
69,Wilmer,Gain,Male,7/17/1977,51,7/16/2021
70,Donalt,Cromer,Male,5/6/1994,71,1/6/2021
71,Hunt,Livermore,Male,4/15/1951,5,2/13/2019
72,Petey,Bernucci,Agender,4/27/1963,27,2/4/2022
73,El,Baack,Male,4/21/1992,7,8/27/2020
74,Dunstan,Abramov,Male,11/19/1959,57,5/17/2019
75,Hyacintha,Fligg,Non-binary,11/5/1945,68,12/15/2019
76,Annabella,Domleo,Female,3/29/1969,30,12/7/2020
77,Lynnette,Castellone,Female,7/31/1977,46,1/10/2020
78,Erma,Moulden,Genderqueer,4/30/1984,79,5/28/2019
79,Tiler,Trippack,Male,1/29/1981,59,2/8/2021
80,Fiorenze,Stucksbury,Female,6/4/1983,42,5/31/2021
81,Brigitta,Overel,Female,4/19/1983,41,7/5/2021
82,Cornelia,Bridson,Female,3/11/1958,82,12/13/2018
83,Nickola,Ware,Male,9/16/1951,72,6/18/2019
84,Andi,Kippen,Female,4/24/1962,25,4/27/2022
85,Sianna,Gagie,Female,11/6/1954,54,8/30/2021
86,Lek,Phripp,Male,11/7/1953,1,12/25/2018
87,Hal,Bouda,Male,6/30/1991,28,12/29/2021
88,Antonino,Dowdall,Male,6/19/1970,70,12/17/2019
89,Dyann,Spinella,Female,12/9/1968,38,4/25/2022
90,Helaine,Chiommienti,Female,11/25/1963,43,10/1/2019
91,Sebastian,Burnes,Male,12/10/1972,14,10/15/2020
92,Kristofor,Newbury,Male,12/13/1952,80,5/29/2019
93,Meriel,Whitmore,Female,3/2/1960,86,4/8/2021
94,Clem,Bolesworth,Male,12/24/1992,90,8/17/2021
95,Hamilton,Sibary,Male,10/18/1993,84,2/23/2020
96,Osborne,Trunkfield,Male,2/1/1987,36,7/8/2021
97,Farrel,Jeafferson,Genderqueer,9/21/1980,27,11/5/2018
98,Rolfe,Fincke,Male,6/4/1972,4,12/15/2019
99,Mira,Garnson,Female,12/28/1992,15,2/14/2019
100,Verile,D'Adda,Female,12/31/1952,9,7/12/2020
101,Estella,Bollen,Female,2/9/1995,35,9/17/2019
102,Odey,Stollmeier,Male,7/3/1960,24,3/25/2020
103,Wiley,Bowes,Male,12/12/1964,67,8/15/2021
104,Cory,Pulsford,Female,9/18/1970,64,8/30/2019
105,Gaston,Phillips,Male,5/7/1984,82,4/7/2020
106,Raoul,Roches,Male,2/3/1949,23,1/11/2020
107,Harrietta,MacElane,Female,10/10/1951,10,12/26/2021
108,Anni,Korlat,Female,5/9/1976,66,12/18/2021
109,Codi,Clows,Female,4/12/1978,49,11/27/2020
110,Raimundo,Arnopp,Male,9/10/1974,28,7/23/2020
111,Russell,Easterling,Male,4/9/1970,3,4/15/2021
112,Hyacintha,Woolsey,Female,4/23/1966,39,12/1/2020
113,Skyler,Pepys,Male,5/20/1953,43,6/13/2021
114,Bradley,Turnell,Male,8/30/1968,83,11/19/2019
115,Marlo,Beckhurst,Male,1/21/1998,29,10/20/2021
116,Kimberly,Doerren,Female,10/1/1993,22,5/30/2019
117,Ervin,Doidge,Male,5/25/1996,81,8/4/2020
118,Eilis,Lammertz,Female,2/7/1960,69,6/15/2019
119,Kerr,Argyle,Male,9/11/1975,51,12/28/2019
120,Karel,Macbane,Male,1/7/1954,18,11/26/2018
121,Wynne,Grigolon,Polygender,10/14/1991,5,1/10/2021
122,Khalil,Stockwell,Male,7/29/1967,60,2/14/2019
123,Bax,Quiddihy,Male,3/22/1976,56,7/16/2020
124,Cameron,Grebner,Male,7/22/1996,74,12/7/2019
125,Boniface,Cutress,Male,11/28/1953,46,1/18/2019
126,Pete,Josefsson,Male,6/4/1945,42,8/11/2020
127,Moria,Tytcomb,Female,3/15/1948,57,8/6/2020
128,Ellerey,Mesant,Male,2/22/1995,2,3/16/2021
129,Antonin,Redfearn,Male,5/8/1976,8,3/6/2019
130,Maiga,Gazzard,Female,4/13/1988,59,4/29/2020
131,Silvan,Kepling,Male,12/21/1952,6,9/24/2020
132,Jemmy,MacAnellye,Female,8/16/1981,16,5/13/2022
133,Marlie,Gurden,Agender,4/12/1994,76,6/30/2019
134,Ruy,Simione,Male,7/29/1992,21,2/20/2020
135,Liesa,Mathissen,Female,6/19/1954,61,2/16/2020
136,Gabie,Morsey,Female,6/23/1951,26,12/3/2021
137,Eadmund,Mila,Male,5/26/1977,38,3/21/2020
138,Josh,Poolman,Male,8/15/1948,70,7/5/2020
139,Nat,Rodnight,Female,3/23/1974,44,5/2/2020
140,Fayre,Shea,Female,3/24/1997,78,4/16/2019
141,Rodrique,Cowton,Male,12/25/1999,11,11/26/2021
142,Shaine,Ivancevic,Male,5/30/1942,75,1/9/2021
143,Dotti,Petraitis,Female,6/25/1942,48,11/28/2020
144,Catherina,Way,Female,6/12/1959,31,3/11/2021
145,Ivette,Alabone,Female,6/28/1942,65,4/23/2021
146,Sean,Reddell,Male,6/3/1956,30,1/30/2022
147,Anthia,Habgood,Female,6/6/1999,63,5/30/2020
148,Bonita,Stanford,Female,12/5/1979,7,2/4/2020
149,Stafani,Pauel,Female,9/28/1991,52,10/30/2019
150,Ertha,Leaves,Female,3/4/1994,58,10/9/2019
151,Giana,Mayhow,Female,7/16/1969,89,8/15/2021
152,Brocky,Strode,Male,1/23/1960,1,12/4/2018
153,Meggie,Menendes,Female,10/10/1965,53,4/13/2021
154,Adelaide,Davydenko,Genderfluid,3/26/1975,50,3/25/2022
155,Chris,Anstis,Male,1/17/1982,47,3/14/2020
156,Yoshiko,Battle,Female,6/26/1978,88,2/3/2020
157,Keefe,Heibl,Male,8/22/1992,45,8/2/2020
158,Kev,Prozescky,Male,7/31/1940,87,10/19/2019
159,Claretta,Abrahamsohn,Female,11/3/1989,77,1/6/2022
160,Trstram,Headingham,Male,4/30/1989,79,5/5/2020
161,Minnie,Titchen,Female,4/1/1956,37,10/10/2019
162,Deirdre,Skerm,Female,8/24/1976,32,1/23/2021
163,Matteo,Prose,Male,12/17/1962,19,1/20/2021
164,Bibbie,Cropper,Female,4/13/1949,73,4/13/2019
165,Rodger,Egerton,Male,5/20/1988,17,12/11/2021
166,Aridatha,Gosnoll,Genderfluid,8/6/1995,34,3/14/2019
167,Luz,Burns,Female,4/4/1998,68,8/27/2019
168,Manfred,Rudgerd,Male,4/6/1963,85,4/7/2021
169,Correna,Doggrell,Female,4/14/1970,12,1/21/2022
170,Leodora,Kisby,Female,12/31/1995,41,4/21/2020
171,Clarinda,Gjerde,Polygender,12/20/1947,54,10/5/2020
172,Marcela,Novotni,Female,9/5/1979,13,4/14/2019
173,Gloria,Wittke,Female,7/15/1940,25,10/28/2019
174,Ernestine,Crossby,Female,1/7/1962,40,11/16/2018
175,Maurie,Drust,Agender,12/28/1982,55,9/25/2019
176,Alonzo,Dallaghan,Male,10/14/1994,71,3/18/2020
177,Lucien,Brea,Male,5/23/1964,33,7/26/2021
178,Johnathan,Durnin,Male,3/28/1948,62,4/15/2022
179,Hannah,Slateford,Female,5/16/1979,72,10/25/2021
180,Truman,O'Toole,Male,1/5/1973,18,12/4/2018
181,Alysia,Pachta,Female,3/16/1943,80,6/30/2020
182,Morgen,Farrah,Male,6/9/1994,52,11/16/2020
183,Courtney,Huot,Female,12/12/1955,49,8/1/2019
184,Kurt,Aikenhead,Male,12/7/1943,51,7/31/2020
185,Mureil,Daintry,Female,2/15/1966,39,12/26/2018
186,Shamus,Doubrava,Male,8/25/1947,86,2/11/2019
187,Shelbi,Heinig,Female,2/8/1976,85,4/23/2021
188,Truman,Lapidus,Male,7/15/1981,1,1/30/2022
189,Gustavo,Quickenden,Male,9/17/1990,77,12/24/2018
190,Mose,Peile,Male,7/1/1979,27,5/3/2020
191,Phaidra,Fletcher,Female,2/4/1971,22,12/16/2021
192,Harriett,Nannini,Female,8/16/1961,41,5/9/2022
193,Rolf,de Pinna,Male,10/25/1956,21,7/14/2021
194,Marsha,Houndesome,Female,5/15/1941,78,8/5/2021
195,Chloette,Coper,Female,5/4/1946,81,12/19/2021
196,Gustaf,Pitt,Agender,3/31/1964,25,6/6/2020
197,Chrissy,Elcy,Male,12/7/1943,69,10/31/2020
198,Desmond,Valentim,Male,10/11/1947,55,5/9/2020
199,Alis,Beceril,Female,10/14/1941,30,7/20/2020
200,Yuma,Paddick,Male,1/23/1947,54,8/24/2021
201,Dore,Collcott,Female,4/22/1948,35,12/4/2019
202,Clyve,Crocetti,Male,3/20/1990,31,5/13/2022
203,Lutero,Petrina,Male,11/1/1985,70,4/12/2020
204,Willis,Favell,Male,5/6/1941,66,2/16/2020
205,Norah,Hardistry,Female,6/25/1998,84,6/14/2020
206,Constancia,Ferras,Female,8/18/1941,67,4/14/2021
207,Shaun,Purvey,Male,3/8/1998,62,12/6/2020
208,Nert,Bandy,Female,1/21/1988,61,10/28/2021
209,Gilbert,Gittins,Male,3/8/1999,36,1/25/2020
210,Vevay,Brumbye,Female,4/6/1949,50,3/28/2021
211,Bert,Fronsek,Female,10/14/1944,33,1/30/2021
212,Pauly,O'Nion,Female,10/8/1968,46,12/23/2021
213,Ramonda,Trounce,Female,2/15/1972,29,9/5/2021
214,Dolf,Verrill,Male,11/15/1968,7,1/16/2019
215,Mabel,Cattemull,Female,3/24/1945,14,11/27/2019
216,Edgar,Vlasyev,Male,12/31/1987,71,7/31/2019
217,Loutitia,Coltart,Polygender,3/4/1954,10,2/9/2020
218,Davidson,Gibby,Male,1/14/1959,24,2/15/2022
219,Dasie,MacNish,Female,9/9/1978,34,6/14/2021
220,Beckie,Spriggin,Genderfluid,8/15/1987,40,4/14/2021
221,Luigi,Schwartz,Male,5/31/1997,83,12/6/2019
222,Teddie,Mattaser,Female,12/9/1965,9,7/20/2019
223,Natalie,Oake,Female,4/19/1971,15,10/27/2018
224,Ethyl,Meller,Female,10/19/1987,37,2/2/2021
225,Maressa,Godspeede,Female,11/2/1944,42,11/26/2018
226,Eugen,Clapton,Male,10/2/1978,26,12/27/2020
227,Bucky,Pimlott,Male,8/2/1957,58,11/20/2020
228,Fanechka,Hallede,Female,2/6/1960,88,1/20/2019
229,Anabal,Papachristophorou,Female,2/6/1946,12,1/1/2019
230,Tabbie,Braunds,Female,8/8/1947,47,1/11/2022
231,Donavon,Aves,Male,12/12/1967,56,10/9/2021
232,Vi,Waghorne,Female,5/31/1999,59,3/24/2019
233,Larry,Pelfer,Male,9/5/1995,19,12/7/2019
234,Winston,Lissandre,Male,7/27/1962,72,1/12/2020
235,Erick,Joddens,Male,4/9/1949,32,6/2/2020
236,Evyn,Donat,Male,6/9/1968,60,10/29/2020
237,Pamela,Grigoryov,Female,12/20/1941,79,11/8/2020
238,Rae,McGinly,Female,11/6/1973,8,10/12/2019
239,Stacy,Symson,Male,4/27/1960,13,2/21/2019
240,Dewey,De Cruze,Male,8/15/1971,53,4/25/2019
241,Jon,Greenhouse,Male,10/28/1949,74,11/10/2020
242,Kipp,Rattery,Female,3/25/1947,57,3/31/2022
243,Briney,McElroy,Female,7/25/1962,38,12/14/2021
244,Carmine,Byart,Male,10/19/1941,48,1/28/2020
245,Audrie,Bremmer,Female,8/10/1997,3,5/31/2020
246,Gwynne,Sent,Female,2/12/1966,82,9/29/2019
247,Natalya,Lascell,Female,6/25/1941,87,10/1/2018
248,Carlyle,Nellies,Male,7/4/1999,75,5/13/2019
249,Ewen,Gaughan,Male,11/20/1970,43,4/5/2022
250,Alaine,Boriston,Female,11/10/1983,68,8/11/2019
251,Ross,Pickerill,Male,2/27/1989,89,12/10/2018
252,Cross,Haken,Male,11/30/1997,16,2/23/2019
253,Barris,Petche,Male,8/10/1992,28,5/24/2021
254,Renee,Coathup,Agender,8/5/1981,4,12/19/2021
255,Erick,Pentelo,Male,3/1/1964,2,4/18/2020
256,Bibby,Szubert,Female,8/24/1949,6,2/3/2020
257,Ozzie,McConnachie,Male,6/3/1951,63,12/22/2020
258,Molli,Snaddin,Female,3/23/1966,90,10/15/2018
259,Darcie,Scrooby,Bigender,4/25/1950,20,5/20/2021
260,Ellie,Forgan,Female,10/29/1953,76,11/29/2019
261,Donalt,Cottesford,Male,3/9/1966,44,5/10/2019
262,Brnaby,Maps,Male,3/30/1951,17,12/21/2019
263,Kelby,Tellenbrook,Male,11/12/1953,64,8/15/2019
264,Rogerio,Deetch,Agender,1/24/1956,73,12/27/2019
265,Rorke,Newbegin,Male,5/4/1978,65,12/14/2019
266,Fabian,Skeemer,Male,2/2/1944,45,8/25/2019
267,Mendy,Bothams,Male,7/18/1988,23,3/22/2022
268,Tori,Phillis,Female,3/15/1968,5,12/17/2018
269,Cortney,Frizell,Female,9/15/1975,11,5/23/2021
270,Lev,Wherrett,Male,7/12/1971,42,12/21/2021
271,Rurik,Loughnan,Male,10/16/1984,58,5/3/2022
272,Quintina,McDowall,Agender,9/13/1972,82,8/1/2020
273,Candra,Bauman,Female,12/27/1988,30,9/24/2021
274,Meredeth,Meneghelli,Male,12/22/1991,61,8/10/2019
275,Lutero,Ludlamme,Male,4/5/1948,74,11/17/2019
276,Karissa,Cordelle,Female,4/26/1955,41,2/2/2021
277,Fidole,Bunworth,Male,8/15/1982,88,7/29/2020
278,Geoff,Ridgedell,Bigender,2/15/1999,80,12/17/2019
279,Caresa,Crofthwaite,Female,10/26/1941,84,11/19/2020
280,Tad,Betteriss,Male,12/29/1966,22,2/21/2022
281,Ignatius,Charman,Male,11/11/1997,60,10/16/2018
282,Rodrick,Applegarth,Male,1/24/1960,90,7/28/2020
283,Seumas,Whittlesey,Male,9/4/1970,73,3/22/2022
284,Joly,Brightie,Female,12/27/1993,44,4/21/2022
285,Adelheid,Cornels,Female,10/22/1971,52,2/16/2020
286,Oona,Cawcutt,Female,8/2/1969,43,6/13/2020
287,Johnnie,Paver,Male,5/29/1963,51,7/5/2019
288,Robinett,Mathe,Female,4/18/1969,71,2/21/2022
289,Ulrika,McNelis,Female,12/22/1954,16,10/29/2021
290,Vasilis,Bigmore,Male,7/30/1954,36,12/26/2020
291,Gene,Quilleash,Female,1/2/1959,85,5/17/2020
292,Ezequiel,Tothe,Male,3/14/1999,81,5/25/2020
293,Barrett,Haggett,Male,2/19/1996,50,8/26/2019
294,Conan,Fricke,Male,4/10/1970,5,8/24/2021
295,Brittney,Eye,Female,8/13/1969,9,6/28/2021
296,Darrell,Dugan,Non-binary,9/25/1958,39,7/24/2021
297,Arnaldo,Dumbare,Male,1/8/1958,26,5/26/2022
298,Papagena,Catto,Female,9/4/1964,31,9/22/2021
299,Maggi,Parsonage,Female,5/30/1978,7,8/25/2020
300,Pamelina,Petera,Female,1/30/1989,40,3/2/2020
301,Eran,Lovat,Female,12/23/1996,24,12/27/2020
302,Edita,Laterza,Female,7/11/1976,62,9/15/2020
303,Pancho,Newhouse,Male,8/4/1988,14,12/1/2018
304,Bax,MacPaike,Male,3/21/1981,19,12/21/2019
305,Kathye,Dommerque,Female,7/31/1993,67,2/24/2021
306,Albert,Hellier,Male,12/29/1962,68,6/8/2019
307,Leroi,Kittow,Male,6/5/1978,70,3/3/2019
308,Quincey,Bachnic,Male,6/27/1985,53,6/16/2021
309,Michaelina,Fittall,Female,6/19/1993,56,11/16/2018
310,Carin,Ashfield,Female,11/26/1948,89,12/3/2019
311,Patrick,Heintzsch,Male,2/27/1971,77,7/14/2021
312,Petronella,Mc Corley,Agender,12/17/1972,25,1/3/2021
313,Dalt,Gilcrist,Male,11/10/1971,54,7/23/2021
314,Kassie,Presnell,Female,8/23/1994,86,5/15/2021
315,Richardo,Brunger,Male,10/9/1958,59,1/16/2019
316,Alano,Rubenovic,Male,12/30/1987,1,3/14/2020
317,Cybill,Steed,Female,7/17/1966,6,5/15/2020
318,Blake,Jeays,Male,7/29/1976,12,4/15/2019
319,Willdon,Turfin,Male,6/15/1993,49,12/5/2020
320,Freddi,Gadaud,Female,3/9/1952,11,2/1/2022
321,Gleda,Doige,Female,9/15/1962,35,4/28/2022
322,Kiley,Ockenden,Male,6/6/1972,64,12/7/2018
323,Bruis,Priden,Male,2/10/1986,10,2/7/2022
324,Ailyn,McGhee,Female,10/23/1956,29,7/25/2019
325,Pebrook,Simenet,Male,7/9/1944,76,6/21/2019
326,Dotti,Philippeaux,Female,3/16/1945,57,12/27/2020
327,Redford,Tomblin,Male,12/30/1972,13,8/17/2020
328,Serena,Royle,Female,3/21/1973,72,11/25/2018
329,Merissa,Davenport,Bigender,9/4/1994,38,1/15/2019
330,Brittne,Gabrieli,Bigender,1/26/1998,18,4/13/2022
331,Rodrique,Greep,Male,9/28/1947,37,9/2/2021
332,Samantha,Antram,Female,10/14/1997,23,10/17/2020
333,Enoch,Hellyer,Male,4/23/1975,83,4/5/2021
334,Arnie,Roocroft,Male,12/16/1970,79,12/2/2020
335,Moselle,Emburey,Female,3/31/1958,69,11/1/2019
336,Celestine,Piggrem,Female,6/28/1968,20,10/10/2020
337,Melli,Smurfit,Female,8/24/1956,28,3/5/2019
338,Bobbye,Crooke,Female,11/27/1950,3,5/6/2022
339,Archibold,Cathel,Male,11/5/1950,87,8/16/2021
340,Odette,Pavlishchev,Female,9/18/1946,8,5/24/2022
341,Rosalind,Paish,Female,8/5/1973,47,11/23/2020
342,Kaiser,Loudwell,Male,7/2/1953,27,6/19/2021
343,Dodi,Seamarke,Female,5/29/1953,21,11/12/2019
344,Langsdon,Stitt,Male,7/20/1947,75,1/11/2022
345,Randall,Asgodby,Male,11/3/1989,4,3/6/2020
346,Kiley,Sowle,Male,4/11/1986,17,10/7/2019
347,Jannel,Chinnock,Female,6/19/1977,48,6/15/2019
348,Dorothee,Hardwin,Female,12/5/1968,15,3/10/2020
349,Hedy,Schistl,Female,1/9/1942,78,4/25/2021
350,Danny,Dumsday,Male,11/2/1973,33,12/27/2020
351,Perla,Curran,Female,10/11/1962,2,1/18/2020
352,Maiga,Dulen,Female,12/15/1998,34,7/1/2019
353,Viola,O'Hallihane,Female,2/15/1971,66,4/25/2022
354,Florence,Domenico,Female,1/4/1962,32,4/4/2021
355,Vladamir,Tezure,Male,3/28/1946,65,1/28/2020
356,Fenelia,Pollicatt,Female,3/2/1991,45,11/4/2019
357,Roddy,Gunby,Male,8/26/1964,63,7/15/2019
358,Phil,Wadge,Female,2/15/1979,46,11/15/2020
359,Filberto,Sumshon,Male,9/20/1943,55,11/9/2020
360,Jacquelyn,Rohan,Female,10/16/1968,55,12/26/2019
361,Herrick,Idel,Male,4/24/1961,50,1/3/2019
362,Harriet,Gauchier,Female,11/5/1942,64,4/10/2020
363,Florri,Inchboard,Female,5/29/1975,89,9/4/2020
364,Standford,Gigg,Male,11/30/1991,41,10/18/2019
365,Garvey,Fulk,Male,5/16/1966,17,4/7/2020
366,Emeline,Woolgar,Female,10/16/1946,12,12/31/2021
367,Fowler,Howells,Male,3/7/1947,19,2/19/2022
368,Kimball,Litherborough,Male,8/15/1985,77,12/17/2019
369,Mellie,Petegrew,Female,1/30/1941,27,8/3/2020
370,Fidela,Harradine,Female,8/31/1974,54,5/17/2022
371,Jimmy,Beekmann,Male,8/7/1981,34,4/22/2019
372,Ashla,Rattray,Female,7/29/1961,47,11/30/2020
373,Westbrook,Schechter,Male,9/15/1987,70,4/22/2021
374,Tammie,Marston,Female,11/7/1980,73,10/15/2020
375,Zita,Karp,Female,11/12/1951,35,5/29/2020
376,Lynnet,Taborre,Agender,2/5/1959,58,3/28/2021
377,Dalila,Kliemann,Female,2/28/1988,44,10/21/2020
378,Chandler,Merriott,Male,10/12/1956,46,6/14/2020
379,Burk,Bratty,Male,8/2/1943,59,2/23/2020
380,Dniren,Masdon,Female,8/22/1974,79,11/9/2021
381,Heywood,Flattman,Male,5/30/1968,16,9/5/2019
382,Charmaine,Whilde,Female,12/31/1944,10,3/19/2020
383,Bartholemy,Berget,Male,6/12/1942,60,10/27/2019
384,Brendin,Emerson,Male,7/9/1973,74,11/23/2018
385,Gloria,Fenny,Female,4/17/1970,56,9/21/2019
386,Crawford,Alvey,Male,5/5/1946,82,9/26/2019
387,Bordy,Mugglestone,Male,2/11/1959,37,3/28/2019
388,Ely,Farfoot,Male,10/16/1974,7,4/16/2021
389,Kyle,Gimlet,Genderfluid,8/12/1959,6,4/16/2020
390,Alexandr,Benediktsson,Male,7/4/1998,65,12/20/2019
391,Franny,Murfill,Agender,9/13/1975,31,5/21/2022
392,Kathlin,Cessford,Female,8/12/1949,29,6/27/2019
393,Haslett,Heimes,Male,8/29/1944,25,1/27/2021
394,Sander,Aldersley,Male,11/30/1951,69,10/14/2020
395,Rani,Carlett,Female,9/2/1993,28,11/1/2021
396,Kiersten,Haddick,Female,7/7/1990,86,8/13/2019
397,Uri,Stemp,Male,1/8/1945,39,4/4/2022
398,Lark,Dearnaly,Female,7/26/1995,40,11/6/2021
399,Emmanuel,Sheran,Genderfluid,4/15/1991,18,4/20/2022
400,Inez,Catherick,Female,12/5/1982,51,2/1/2021
401,Nari,Buttrum,Female,2/19/1971,3,3/29/2022
402,Morganne,Giraudot,Female,6/1/1983,85,1/14/2021
403,Clifford,Stickler,Male,8/21/1955,48,10/23/2018
404,Olympia,Cawthra,Female,11/14/1994,13,4/5/2022
405,Danita,Ebbs,Female,4/15/1950,71,10/16/2021
406,Bat,Risborough,Male,3/13/1943,76,9/22/2018
407,Garvin,Muzzullo,Male,7/30/1980,43,6/1/2022
408,Lorain,Le Clercq,Female,5/3/1967,88,2/6/2021
409,Jephthah,Van Dijk,Male,3/5/1953,15,10/23/2019
410,Gavra,Dunphy,Female,7/9/1978,62,7/23/2021
411,Trueman,Divell,Male,12/16/1988,84,6/2/2021
412,Goddart,Critcher,Male,4/30/1985,68,1/1/2022
413,Lyda,Thorneley,Female,10/28/1958,14,12/22/2020
414,Jacki,Di Ruggero,Genderqueer,5/3/1984,57,9/14/2019
415,Tiphanie,Chantree,Genderfluid,3/10/1960,26,9/2/2019
416,Regan,Walliker,Female,4/29/1994,30,4/7/2022
417,Kort,Santen,Male,10/22/1989,61,9/3/2021
418,Bastien,Busain,Male,11/18/1985,53,12/20/2021
419,Graham,McMurty,Male,3/25/1981,49,2/26/2019
420,Donnie,Kloss,Male,11/15/1998,42,1/27/2021
421,Genevieve,Over,Female,8/5/1980,11,2/8/2020
422,Broddie,Rodrigues,Polygender,6/11/1944,24,10/19/2021
423,Arlan,Deners,Male,8/16/1963,80,5/27/2021
424,Glen,Roles,Female,10/19/1960,9,1/18/2019
425,Wenona,Bineham,Female,6/16/1985,20,10/13/2019
426,Adam,Brumby,Male,11/10/1976,32,12/18/2020
427,Sandor,Handscombe,Agender,3/4/1997,90,11/30/2018
428,Modesty,Scouller,Bigender,4/15/1980,83,4/24/2019
429,Margy,Gillings,Female,4/18/1943,75,6/30/2019
430,Ardenia,Mochan,Female,9/21/1979,33,2/8/2021
431,Bette,Jacobs,Bigender,11/21/1969,63,3/1/2019
432,Barbe,Ellison,Female,7/6/1985,36,1/4/2020
433,Yanaton,Hopkins,Male,6/16/1977,23,10/13/2018
434,Dodie,Bremley,Female,10/20/1942,67,2/6/2019
435,Lizzy,Shillitoe,Female,3/13/1983,8,6/3/2020
436,Bride,Cradock,Agender,11/28/1959,45,7/6/2019
437,Hatty,Deary,Female,10/14/1944,81,1/29/2020
438,Daniele,Niven,Female,7/19/1959,66,9/20/2020
439,Karrie,McKeaveney,Female,12/16/1944,78,1/20/2020
440,Barnabas,Balazot,Male,1/24/2000,87,7/1/2021
441,Cristen,Lathey,Female,7/17/1955,2,7/12/2019
442,Reba,Currey,Female,7/31/1984,4,11/25/2020
443,Davie,Wyllie,Male,10/20/1967,1,2/8/2019
444,Hermie,Telega,Male,9/9/1950,72,9/22/2021
445,Barclay,Figgen,Male,2/28/1994,38,5/18/2020
446,Sharla,Welton,Female,10/6/1967,5,10/29/2019
447,Marylin,Ablitt,Female,5/17/1943,21,8/25/2019
448,Derek,Soppit,Genderfluid,5/14/1967,22,8/15/2021
449,Elfrida,Keighly,Female,9/20/1945,76,2/1/2019
450,Sullivan,Lodford,Male,1/30/1991,74,8/31/2020
451,Wadsworth,Eamer,Male,10/5/1999,86,6/2/2019
452,Fawne,Ranken,Female,3/14/1946,65,3/27/2020
453,Bruis,Cornil,Male,9/10/1998,71,7/18/2021
454,Humfrid,Harower,Male,12/11/1942,33,10/10/2021
455,Buckie,Vedmore,Male,9/6/1963,2,4/13/2022
456,Rozamond,Ferrone,Female,1/1/1963,62,2/6/2022
457,Ruben,Grinikhin,Male,4/30/1983,6,6/20/2020
458,Sonnie,Bromige,Male,7/18/1952,47,3/12/2019
459,Cassius,Cabrales,Male,7/6/1995,9,5/9/2021
460,Tarrance,Wooller,Male,5/10/1961,10,1/2/2022
461,Sutherland,Quant,Male,5/22/1983,84,5/7/2019
462,Loraine,Trim,Female,7/2/1987,27,6/11/2021
463,Alvan,Lieber,Male,3/29/1999,63,10/14/2021
464,Chrisse,Teligin,Male,7/30/1971,16,11/5/2020
465,Dietrich,Morena,Male,2/9/1984,11,8/4/2019
466,Katrine,Hurlin,Female,5/5/1982,85,9/22/2019
467,Skelly,Moughtin,Male,1/31/1980,15,4/25/2021
468,Cyril,Crownshaw,Male,8/27/1973,1,3/7/2022
469,Marlin,Bresner,Male,11/3/1998,34,6/9/2020
470,Stewart,Dohmann,Male,12/20/1947,29,5/26/2021
471,Ives,MacPharlain,Male,11/1/1998,17,1/27/2020
472,Steffen,Gawthorpe,Male,6/1/2000,75,11/5/2019
473,Munmro,Jerosch,Male,7/8/1951,87,5/7/2021
474,Willette,Treen,Female,9/14/1954,13,1/19/2021
475,Henka,Neame,Female,8/18/1947,20,12/29/2020
476,Lewes,Dawbery,Male,3/1/1956,38,2/11/2021
477,Cosme,Rennie,Genderfluid,8/28/1998,7,8/2/2019
478,Maisey,Cufley,Non-binary,1/26/1960,8,3/26/2020
479,Matt,Priest,Male,1/19/1967,23,9/4/2021
480,Davina,Balogun,Female,3/10/1991,80,11/1/2019
481,Artair,Brodnecke,Male,7/22/1955,67,3/27/2020
482,Judie,Fevier,Female,9/19/1958,51,1/25/2022
483,Ezekiel,Beau,Male,4/22/1994,72,4/16/2022
484,Rochette,Wasmuth,Female,5/23/1988,3,8/6/2021
485,Obadias,Lowsely,Male,4/11/1941,68,8/5/2019
486,Hunter,Eburne,Male,2/28/1955,55,2/11/2021
487,Arnuad,McGarahan,Male,2/19/1997,18,12/4/2020
488,Roxane,Ritson,Female,6/28/1993,78,9/10/2021
489,Susanna,Onians,Genderfluid,9/8/1992,69,2/5/2019
490,Neddy,Odney,Male,4/23/1997,36,4/27/2022
491,Mattie,Hordell,Male,7/5/1977,37,2/16/2021
492,Brendon,Evetts,Male,6/11/1955,60,10/19/2019
493,Enos,Pieters,Male,2/9/1946,14,3/11/2020
494,Averill,Ivan,Male,11/26/1977,40,11/3/2019
495,Sylvan,Kennedy,Male,1/23/1986,41,4/4/2020
496,Angel,Makiver,Genderqueer,9/14/1992,61,11/27/2020
497,Kamilah,Arnaldi,Female,11/5/1959,48,2/3/2019
498,Trevar,Cooksley,Male,9/19/1983,81,3/14/2022
499,Stearn,Redley,Male,10/30/1951,52,10/7/2018
500,Kerk,Castillon,Male,10/7/1964,31,6/30/2021
501,Jacquelin,Spenceley,Female,2/17/1950,19,11/8/2020
502,Eleonore,Lippi,Polygender,1/23/1942,53,7/6/2019
503,Brian,Tredwell,Male,3/19/1959,50,12/8/2019
504,Dewie,Playdon,Male,2/10/1982,82,6/10/2021
505,Isidora,McVaugh,Female,10/1/1995,46,3/18/2022
506,Harman,Fitter,Male,11/14/1985,90,2/27/2019
507,Tani,Bateman,Female,3/5/1951,22,10/22/2021
508,Herby,Lenglet,Male,9/1/1976,73,11/6/2021
509,Cosmo,Shewon,Male,3/23/1995,57,1/25/2022
510,Rourke,Spinetti,Male,3/23/1957,24,5/1/2022
511,Gwenette,Callaby,Female,9/2/1994,4,1/2/2020
512,Jillene,Palfrie,Female,4/3/1946,79,6/3/2020
513,Kayla,Bauduccio,Female,10/4/1944,12,7/3/2020
514,Rainer,Matthiesen,Male,10/2/1981,39,1/10/2019
515,Gavin,Cordelette,Male,4/16/1974,83,11/27/2018
516,Ricard,Fills,Male,9/12/1972,5,8/18/2020
517,Gerhardine,Carillo,Female,1/30/1977,54,8/11/2020
518,Elnora,Vaughan-Hughes,Female,3/22/1987,89,11/10/2020
519,Marcos,Sherwyn,Agender,11/25/1964,28,1/21/2022
520,Carena,Hans,Genderfluid,5/24/1967,45,8/16/2020
521,Veriee,Arthey,Non-binary,3/3/1995,32,10/6/2020
522,Orin,Bartelli,Male,7/8/1997,44,5/12/2022
523,Eduardo,Worters,Male,11/10/1948,42,5/4/2019
524,Morna,Bakster,Female,9/5/1983,35,3/19/2020
525,Fanni,Flawith,Female,11/3/1959,59,7/12/2020
526,Chev,Heaslip,Male,7/6/1971,43,6/19/2021
527,Nelia,Estcot,Female,1/25/1982,30,9/25/2019
528,Cristionna,Malloy,Female,10/26/1960,49,3/15/2020
529,Jayson,Nurdin,Male,9/14/1974,26,5/27/2019
530,Ursuline,Manuely,Female,3/14/1968,88,2/19/2022
531,Jaye,De Beneditti,Male,4/3/1986,64,10/19/2021
532,Benson,Knivett,Male,12/22/1977,56,10/10/2018
533,Clement,Martinets,Male,1/26/1964,70,10/24/2018
534,Essie,Thurnham,Female,7/14/1956,25,8/24/2020
535,Yuma,Carlile,Male,2/28/1957,58,10/22/2019
536,Arley,McInerney,Male,11/11/1991,21,7/14/2019
537,Francesca,Neillans,Female,2/20/1970,66,7/25/2019
538,Michel,Tomas,Male,3/24/1981,43,12/31/2018
539,Moss,Trafford,Male,10/15/1945,28,10/17/2020
540,Rodolfo,Menichi,Male,11/4/1997,20,8/21/2020
541,Codi,Frankowski,Male,10/19/1967,3,6/27/2020
542,Putnem,Arber,Genderfluid,5/3/1942,57,11/28/2020
543,Darlene,Buxey,Female,10/2/1988,82,3/6/2019
544,Steffi,McVee,Female,1/11/1951,13,1/29/2022
545,Lenora,Suett,Female,11/16/1946,9,1/18/2022
546,Kailey,Greenroad,Female,3/18/1954,85,3/18/2022
547,Norry,Huntriss,Male,2/11/1989,64,11/27/2021
548,Washington,McEntagart,Male,11/30/1973,40,5/9/2021
549,Turner,Buer,Male,3/23/1953,55,1/19/2019
550,Chanda,Clemensen,Female,4/17/1945,18,9/4/2021
551,Trixi,Ashard,Female,9/17/1992,19,3/20/2019
552,Quinton,McMylor,Male,9/6/1996,5,9/22/2019
553,Currey,de Almeida,Male,5/15/1993,32,10/15/2019
554,Kathye,Binne,Female,3/23/1985,26,12/20/2021
555,Webster,Riseam,Male,2/23/1943,50,12/23/2020
556,Lucius,Endrighi,Male,12/25/1940,83,12/20/2020
557,Farand,Oxtiby,Female,10/10/1953,33,3/12/2019
558,Carmel,McPolin,Female,1/26/1995,38,6/6/2020
559,Kelsey,Boost,Male,3/23/1977,23,3/19/2021
560,Ashton,Fentem,Male,10/9/1956,11,4/6/2022
561,Britte,O'Monahan,Female,7/1/1985,25,12/1/2019
562,Scarlet,Jery,Female,1/3/1972,39,1/15/2022
563,Lazare,Gilder,Male,11/1/1969,53,8/7/2019
564,Kristine,Pafford,Female,7/29/1986,30,4/23/2020
565,Earlie,Deverill,Male,12/11/1988,75,12/12/2021
566,Ronica,Petheridge,Female,8/25/1963,36,2/24/2020
567,Hamlen,Muat,Male,1/9/1943,60,5/31/2022
568,Mathias,Weatherall,Male,8/13/1977,41,10/15/2019
569,Derk,Delnevo,Male,10/2/1947,72,12/6/2019
570,Lorelle,Caff,Female,9/29/1942,73,3/14/2021
571,Doy,Camerello,Male,3/15/1999,61,12/19/2020
572,Amery,Gabrieli,Male,1/21/1957,14,8/11/2021
573,Fair,Gronowe,Male,9/15/1990,66,5/7/2019
574,Candra,Manville,Female,6/18/1992,89,10/19/2018
575,Georgi,Hartle,Male,10/27/1958,56,6/21/2020
576,Alyce,Jenkins,Female,1/16/1951,90,5/10/2022
577,Beverly,Darbyshire,Female,4/26/1988,58,3/7/2020
578,Ellwood,Brayson,Male,7/7/1952,34,7/20/2020
579,Olin,Ruskin,Male,8/4/1943,1,8/15/2021
580,Willette,Boyer,Female,8/26/1973,35,3/31/2019
581,Son,Tidmarsh,Male,10/13/1954,29,8/18/2019
582,Ricardo,Scrace,Male,1/9/1995,17,11/29/2020
583,Kerrill,Bourhill,Female,12/14/1971,87,5/11/2022
584,Shandee,Kief,Female,2/6/1991,76,10/12/2020
585,Cecil,Mallan,Male,9/22/1979,54,10/19/2018
586,Alair,Aggott,Male,2/27/1961,46,3/12/2021
587,Mendy,Zaniolo,Genderqueer,5/2/1950,15,4/21/2022
588,Lian,Santus,Agender,8/13/1955,10,3/10/2022
589,Wes,Baudi,Male,12/9/1998,37,12/23/2020
590,Jareb,Donke,Male,11/11/1954,77,3/31/2020
591,Smith,Rockhall,Male,8/9/1954,24,1/19/2022
592,Marissa,Bowes,Female,12/24/1953,2,5/30/2020
593,Babbie,Wynrehame,Female,10/8/1968,74,5/15/2021
594,Vergil,Janous,Male,6/27/1984,6,10/25/2019
595,Marlie,Wightman,Female,12/25/1945,44,8/7/2020
596,Meghann,Swainsbury,Female,11/20/1952,84,5/15/2019
597,Shel,Blair,Female,3/20/1998,21,2/2/2021
598,Mikaela,Kingswood,Female,11/23/1968,59,11/2/2018
599,Hedy,Mincher,Bigender,12/15/1970,31,5/10/2021
600,Lynne,Korneichik,Female,3/16/1947,88,5/9/2021
601,Roddy,Wass,Male,12/10/1942,78,1/19/2019
602,Eal,Chislett,Male,1/24/1970,65,7/6/2019
603,Troy,Mullin,Male,8/24/1952,71,10/31/2018
604,Korey,McElwee,Male,10/21/1947,79,8/8/2020
605,Bobina,Veel,Female,3/15/1954,67,3/19/2019
606,Kerstin,Whitrod,Polygender,1/25/1946,62,10/22/2020
607,Hilton,Rolin,Male,4/28/1998,22,12/5/2021
608,Melitta,Graundisson,Female,5/2/1981,52,11/5/2019
609,Hogan,Lambersen,Male,9/8/1977,47,1/9/2020
610,Erhart,Drysdall,Male,10/21/1981,68,3/15/2022
611,Gannie,Hatto,Male,11/26/1956,51,4/26/2021
612,Eddi,Inch,Female,7/31/1982,80,11/30/2021
613,Cesaro,McKennan,Male,1/30/1996,49,5/21/2021
614,June,Shand,Female,11/20/1967,63,12/2/2021
615,Dicky,Diver,Male,12/11/1964,45,3/25/2019
616,Tobit,Trawin,Male,9/21/1978,81,2/4/2021
617,Bernette,MacGeaney,Female,1/23/1983,86,11/3/2021
618,Emmalyn,Rearie,Female,10/23/1980,48,2/20/2019
619,Rolfe,Code,Male,8/7/1970,42,3/24/2022
620,Walton,Mardling,Agender,8/22/1948,70,3/7/2022
621,Haydon,Bauser,Non-binary,1/23/1946,16,11/3/2018
622,Sherlock,Klarzynski,Male,9/1/1995,27,9/20/2021
623,Chelsy,Hendrikse,Female,12/9/1954,69,6/29/2021
624,Tanitansy,Miners,Female,9/17/1942,8,4/28/2019
625,Eb,Skala,Male,2/1/1959,4,9/22/2021
626,Eustacia,Mafham,Female,10/13/1986,12,6/7/2021
627,Jo ann,Hegg,Female,6/24/1945,7,9/29/2020
628,Melli,Smalecombe,Female,7/29/1980,11,1/8/2021
629,Sinclare,Wills,Male,2/23/1968,32,4/26/2019
630,Marla,Petrishchev,Female,6/18/1976,76,12/28/2021
631,Lea,Wilsone,Female,3/12/1943,37,5/6/2020
632,Joella,Hrihorovich,Female,9/24/1998,55,1/12/2022
633,Beulah,O'Doherty,Female,6/10/1996,9,9/11/2021
634,Evelyn,Brockett,Female,12/7/1986,25,8/30/2021
635,Jessamine,Dowsing,Female,8/2/1996,47,11/19/2020
636,Pauli,Crick,Female,6/15/1995,56,9/14/2019
637,Antonina,Hardiman,Female,9/14/1983,4,8/9/2019
638,Even,Purse,Male,6/23/1951,2,12/12/2020
639,Leisha,Belle,Female,10/27/1970,53,2/19/2020
640,Bertrand,Beetlestone,Male,3/10/1942,44,1/20/2020
641,Rodger,Cordall,Male,3/20/1950,31,7/12/2019
642,Bianka,Galway,Female,7/10/1973,84,3/14/2021
643,Yvette,Dailly,Female,1/25/1942,21,9/7/2020
644,Constancy,Macallam,Genderfluid,11/6/1953,46,2/2/2019
645,Wait,Dumberell,Male,10/20/1966,50,5/31/2022
646,Armstrong,Yeeles,Male,6/27/1953,65,9/29/2018
647,Henrietta,Clubley,Female,4/17/1991,5,1/3/2022
648,Aigneis,Bembrigg,Female,2/16/1971,27,11/24/2020
649,Hayyim,Charon,Male,3/21/1986,64,3/9/2019
650,Davon,de Tocqueville,Male,2/5/1953,10,12/26/2021
651,Brooks,Campsall,Female,11/8/1994,23,12/14/2018
652,Emlyn,Yearne,Female,3/16/1950,71,6/4/2020
653,Duke,Danett,Male,3/11/1948,81,2/11/2019
654,Tate,Enderlein,Female,1/9/1962,73,8/16/2020
655,Everard,Trasler,Male,11/30/1945,66,2/3/2020
656,Jean,Augustin,Female,10/9/1968,68,10/16/2019
657,Ezechiel,Skilling,Male,1/2/1954,43,5/11/2020
658,Maxy,Goadsby,Polygender,9/16/1986,52,4/13/2021
659,Willamina,Muat,Female,1/22/1967,60,9/23/2019
660,Ninnette,Golborne,Female,4/22/1941,29,1/21/2020
661,Wyndham,Barkess,Male,1/25/2000,72,12/10/2018
662,Lawry,Sprigin,Male,10/28/1991,30,6/20/2020
663,Leeland,Gosson,Male,6/16/1953,17,3/17/2022
664,Evelyn,Waber,Female,7/3/1969,40,12/13/2020
665,Anatol,Baughan,Male,9/21/1983,90,3/15/2020
666,Alyss,O'Cannavan,Polygender,7/29/1985,49,10/28/2020
667,Barbabas,Saffran,Male,11/5/1951,79,5/17/2019
668,Beryl,Zanassi,Female,4/27/1973,24,6/29/2020
669,Leontyne,Hellicar,Female,9/6/1948,83,10/28/2019
670,Edy,Turley,Female,5/5/1975,42,8/18/2020
671,Robbert,Mayor,Male,8/22/1965,69,9/30/2021
672,Mariellen,Lifsey,Female,10/26/1972,58,7/8/2020
673,Basile,Golborn,Male,7/20/1998,75,8/25/2021
674,Xavier,Billingham,Male,1/16/1941,41,2/28/2020
675,Nappie,Blazi,Male,6/28/1980,19,5/12/2019
676,Olivie,Slaght,Female,4/27/1951,61,1/16/2020
677,Timothee,Gaylard,Male,4/28/1943,85,8/2/2020
678,Augie,Willmetts,Male,1/4/1951,20,5/22/2022
679,Dyanne,Steel,Female,1/27/2000,3,9/1/2020
680,Murdoch,Hassan,Non-binary,6/5/1975,1,5/3/2019
681,Freddi,Kuhnwald,Female,7/22/1957,82,9/22/2021
682,Engelbert,Meuse,Male,9/19/1989,80,3/1/2019
683,Angus,Murrock,Male,12/18/1993,54,4/22/2019
684,Marin,Mardall,Female,1/14/1942,89,3/28/2020
685,Adrian,Kaiser,Male,2/6/1964,6,11/5/2018
686,Lucia,Lidgett,Female,12/16/1955,8,2/18/2021
687,Emmaline,Bonhomme,Agender,1/10/2000,7,3/27/2019
688,Anselm,Dimitrie,Genderqueer,6/23/1971,63,4/3/2020
689,Chalmers,Crang,Male,10/25/1945,33,5/22/2020
690,Vance,Studdal,Male,6/28/1940,70,10/14/2018
691,Demetra,Broke,Agender,9/17/1988,45,12/14/2018
692,Leona,Stretton,Genderqueer,11/17/1945,67,5/15/2022
693,Nicoli,Doak,Female,11/17/1948,13,4/2/2020
694,Peria,Tamburo,Female,7/15/1994,87,2/22/2022
695,Lurette,Cawtheray,Female,2/2/2000,12,2/12/2020
696,Jule,Cockshoot,Male,1/27/1971,39,8/22/2021
697,Donnamarie,Danby,Female,10/8/1971,62,11/24/2021
698,Dottie,Mettrick,Genderqueer,1/8/1982,28,8/14/2020
699,Vitoria,Sewards,Female,6/20/1986,14,4/16/2019
700,Sayres,Yakhin,Male,7/24/1993,36,11/9/2019
701,Dayle,Drinnan,Female,11/19/1980,86,2/23/2022
702,Tom,Ketcher,Polygender,3/6/1954,34,3/24/2022
703,Melly,Irlam,Female,4/16/1944,15,7/21/2021
704,Corby,Brunke,Male,10/30/1943,16,10/29/2018
705,Hagan,Dombrell,Male,7/13/1974,38,4/22/2022
706,Elijah,Cumming,Male,1/12/1981,18,11/23/2020
707,Brantley,Steljes,Male,1/27/1984,74,3/25/2019
708,Danny,Jays,Female,1/13/1986,59,5/27/2019
709,Fabian,Keele,Male,8/12/1998,22,2/29/2020
710,Wilmette,Wimms,Female,7/4/1940,35,9/9/2019
711,Shellie,Glossop,Female,12/23/1992,26,9/7/2019
712,Winona,Peddel,Female,12/2/1950,51,1/4/2019
713,Rowland,Merchant,Male,3/31/1987,88,4/15/2019
714,Kinna,McGraith,Female,7/3/1970,78,4/12/2021
715,Luke,Ellingworth,Male,11/26/1953,48,4/26/2021
716,Ervin,Guislin,Male,12/28/1948,57,7/18/2020
717,Olivie,Martinson,Female,2/6/1971,45,10/8/2020
718,Selie,Alexsandrovich,Female,3/3/1969,6,3/29/2019
719,Brody,Hillaby,Male,1/22/1968,69,2/3/2022
720,Northrup,Wetherill,Male,3/13/1956,78,1/15/2021
721,Jessamine,Steggals,Female,5/6/1976,50,2/14/2022
722,Cyril,Ianizzi,Male,4/23/1948,8,6/12/2021
723,Yanaton,Baffin,Male,12/25/1979,63,4/11/2019
724,Carie,Winterscale,Female,5/1/1993,76,4/16/2019
725,Noelani,Hulks,Female,12/4/1940,87,5/30/2021
726,Kip,Ostler,Female,7/10/1947,22,9/16/2020
727,Maudie,Pighills,Female,3/16/1951,36,4/24/2020
728,Marika,Esgate,Female,7/29/1974,47,4/29/2020
729,Tobit,Leicester,Polygender,12/26/1983,84,2/13/2020
730,Angelle,Deackes,Non-binary,4/15/1946,40,3/26/2022
731,Oona,Caso,Female,11/20/1944,30,10/15/2018
732,Lynsey,Wood,Female,7/20/1966,2,1/13/2022
733,Bryn,Wandrich,Female,7/6/1963,59,7/28/2021
734,Candide,Proudman,Female,1/17/1998,14,1/17/2022
735,Finlay,Swithenby,Non-binary,5/2/1977,11,2/17/2022
736,Jesselyn,Roma,Female,10/12/1965,61,3/21/2021
737,Norbie,Pylkynyton,Male,6/4/1998,7,1/21/2019
738,Athene,Becken,Female,4/30/1974,44,6/12/2020
739,Aguste,Louis,Non-binary,8/22/1956,4,7/16/2021
740,Care,Bleiman,Male,5/30/1983,21,4/6/2020
741,Dene,Pariss,Non-binary,7/10/1994,80,10/2/2020
742,Dorey,Baudic,Male,5/22/1976,34,11/6/2019
743,Magdaia,Eyer,Female,5/21/1982,58,7/23/2021
744,Trever,Fortoun,Polygender,3/9/1998,29,1/31/2019
745,Man,Danielsson,Male,1/1/1988,13,11/10/2018
746,Garwin,Clowton,Male,12/3/1960,26,6/10/2020
747,Leonhard,Ajean,Male,10/15/1945,65,8/5/2020
748,Ophelia,Brislawn,Female,6/27/1977,66,4/15/2022
749,Jessika,Hacon,Female,10/2/1963,70,5/17/2019
750,Maurizio,Osgarby,Male,4/22/1999,9,9/8/2021
751,Ingar,De Few,Male,4/3/1945,72,5/27/2022
752,Pace,Diggons,Male,1/24/1959,12,2/13/2019
753,Ellissa,Larcier,Female,2/28/1973,79,4/23/2020
754,Nina,McIllroy,Female,10/4/1952,19,3/19/2021
755,Scarface,Melia,Genderfluid,9/9/1996,83,10/6/2021
756,Demott,Mullett,Male,11/2/1988,68,5/3/2020
757,Dell,Chismon,Non-binary,9/25/1997,90,10/25/2019
758,Cristy,Haselwood,Female,3/19/1964,41,7/24/2021
759,Carl,Baus,Male,1/28/1968,86,3/21/2021
760,Mateo,Riddle,Male,3/22/1997,88,2/25/2019
761,Rollin,Causey,Male,2/19/1981,25,2/24/2021
762,Woodie,Raffeorty,Male,4/24/1960,75,5/23/2022
763,Missy,McNevin,Female,4/15/1964,62,4/17/2019
764,Germaine,Jaksic,Male,1/20/1942,43,4/25/2020
765,Cullan,Rabbage,Male,4/6/1991,32,7/21/2019
766,Caryn,Goldstraw,Female,1/15/1981,57,3/9/2020
767,Mohandas,Lygoe,Male,2/19/1987,55,10/4/2020
768,Joellyn,Brumble,Female,10/28/1983,33,5/21/2019
769,Susanetta,Elsay,Female,10/25/1968,23,10/19/2019
770,Coop,Godehard.sf,Male,2/25/1950,64,1/10/2021
771,Lovell,Mirando,Male,7/14/1987,20,10/14/2018
772,Sheffield,Kermit,Genderfluid,11/6/1963,35,6/21/2019
773,Bailey,Benns,Male,3/25/1991,53,1/2/2019
774,Gabriel,Human,Female,8/7/1960,37,1/14/2022
775,Allyn,Tather,Bigender,11/6/1995,3,2/5/2022
776,Johnette,Oseman,Female,6/21/1995,77,6/17/2021
777,Wilden,Kramer,Male,7/10/1981,67,9/2/2020
778,Farrel,Hakonsen,Male,11/6/1995,49,3/31/2019
779,Giordano,Burgon,Male,5/3/1953,85,3/10/2022
780,Kimberlyn,Behrens,Female,3/3/1970,15,6/2/2020
781,Meta,Lidierth,Female,2/24/1989,42,3/4/2022
782,Abraham,Rosenstengel,Male,5/17/1955,1,11/24/2021
783,Cacilie,Penwarden,Female,1/13/1965,31,1/21/2021
784,Joela,Riccelli,Female,9/12/1961,5,11/9/2019
785,Trent,Jewett,Male,4/30/1965,38,11/9/2021
786,Leoine,Joannic,Female,8/20/1962,81,2/13/2019
787,Georgena,Borchardt,Female,3/18/1976,71,1/8/2020
788,Nona,Cresser,Genderqueer,4/20/1964,73,10/31/2021
789,Angelica,Feronet,Female,8/21/1994,18,5/24/2021
790,Meir,Dilger,Male,7/13/1976,60,8/24/2021
791,Elizabeth,Lougheed,Female,5/8/1982,10,2/14/2022
792,Moses,Wellstead,Male,8/27/1967,39,1/27/2021
793,Malchy,Mustoe,Male,4/18/1959,56,1/21/2020
794,Sadye,Trethowan,Female,4/24/1947,17,10/24/2021
795,Erastus,Thairs,Male,7/24/1942,48,10/6/2019
796,Anselma,Grint,Female,8/3/1990,52,12/20/2019
797,Brannon,Murrey,Male,7/30/1946,51,9/13/2019
798,Rubina,Feehery,Female,9/30/1994,28,5/15/2022
799,Gustaf,Wife,Male,4/19/1985,46,9/26/2020
800,Georgina,Aubry,Female,1/10/1979,54,1/25/2019
801,Lucien,Dressel,Male,11/8/1952,16,8/13/2021
802,Terra,Doey,Female,3/26/1993,24,3/2/2021
803,Bell,Fante,Non-binary,5/4/1965,27,10/9/2018
804,Husein,Grote,Male,2/18/1964,89,10/2/2019
805,Janet,Edler,Female,1/2/1972,82,4/24/2019
806,Beverly,Redrup,Female,2/7/1995,74,3/1/2019
807,Michele,Petrowsky,Male,9/16/1984,10,6/21/2020
808,Rufus,Spriddle,Male,4/13/1989,77,2/17/2022
809,Ladonna,Gowen,Female,10/24/1978,17,11/8/2020
810,Sukey,Kopecka,Female,9/23/1949,79,4/20/2022
811,Christoforo,Ubee,Male,3/15/1992,43,2/26/2019
812,Nanny,Jarrett,Female,8/4/1952,36,6/5/2021
813,Wyndham,McNay,Male,6/24/1959,1,8/18/2019
814,Clemmie,McNee,Female,9/13/1950,85,4/23/2021
815,Beilul,Maudsley,Female,11/14/1993,62,11/22/2018
816,Jilli,Bockler,Female,7/22/1991,74,3/29/2020
817,Dayna,Mar,Female,10/12/1994,86,12/14/2020
818,Zaria,Curnick,Female,10/26/1975,28,1/30/2021
819,Laryssa,Pughsley,Female,11/15/1953,3,5/3/2022
820,Theressa,Wharrier,Female,4/25/1969,56,1/11/2021
821,Angie,Cathel,Male,4/20/1971,76,7/10/2021
822,Cathy,Grigaut,Female,1/1/1980,20,4/7/2019
823,Marleen,Tellwright,Female,6/24/1993,90,2/9/2021
824,Marcellus,Millyard,Male,5/21/1994,27,9/27/2018
825,Nollie,Treneer,Male,5/1/1966,82,11/22/2019
826,Noelani,Storrah,Female,8/24/1990,46,1/30/2022
827,Nikolos,Foxon,Agender,12/5/1974,34,10/20/2021
828,Pammi,Christin,Female,9/28/1953,21,5/17/2022
829,Zorana,Prestige,Female,11/7/1961,55,8/16/2020
830,Ermin,Ricciardello,Male,6/15/1967,41,2/27/2020
831,Hedi,Pennazzi,Female,12/19/1954,40,7/26/2019
832,Hoyt,Fliege,Male,1/30/1992,71,10/11/2021
833,Franny,Bailes,Male,10/30/1990,16,9/30/2021
834,Damiano,Polye,Male,1/15/1998,4,12/28/2018
835,Franciskus,Warboy,Male,1/31/1973,18,10/6/2018
836,Ferdinanda,Ranscome,Female,4/15/1952,81,7/7/2019
837,Rab,Pacheco,Male,6/3/1966,23,5/4/2021
838,Emalee,Vigurs,Female,3/24/1987,49,2/24/2020
839,Dasie,Duffin,Female,5/9/1958,83,5/18/2019
840,Deina,Leal,Genderfluid,12/1/1984,12,2/21/2021
841,Brent,Stodd,Male,2/3/1953,57,9/2/2021
842,Olly,Arling,Female,5/31/1948,26,6/22/2020
843,Petr,Klugel,Male,7/7/1959,75,3/10/2020
844,Omero,Matton,Male,9/25/1970,72,6/14/2020
845,Darwin,Croome,Male,10/16/1991,44,5/4/2019
846,Maurice,Kuhnwald,Male,3/2/1976,51,12/1/2019
847,Chere,Libbis,Genderqueer,8/16/1945,84,12/5/2021
848,Waring,Pring,Male,7/4/1999,6,5/8/2019
849,Orin,Healing,Male,6/25/1952,66,7/13/2019
850,Noland,Reedshaw,Male,3/25/1978,59,6/22/2019
851,Abby,Scaysbrook,Male,7/28/1952,15,2/11/2020
852,Shanon,Broadey,Female,12/10/1991,78,5/30/2019
853,Reina,Tezure,Female,3/11/1986,33,9/11/2020
854,Rebecca,Exposito,Female,12/25/1958,53,10/29/2018
855,Craggie,Hazeman,Male,2/4/1982,65,5/3/2022
856,Ulla,Erb,Female,2/8/1969,63,9/12/2020
857,Nedi,Poley,Female,5/9/1991,13,12/2/2021
858,Roley,Taffe,Male,2/25/1961,52,9/27/2020
859,Gigi,Cowser,Female,4/8/2000,39,2/8/2019
860,Tuesday,Tampin,Female,3/16/1947,50,10/29/2021
861,Tamera,Coughan,Female,9/6/1944,31,6/11/2019
862,Ikey,Frostdyke,Male,4/3/1990,89,4/10/2020
863,Fredrika,Treverton,Female,12/1/1945,60,5/18/2019
864,Klement,Antrobus,Male,10/11/1972,68,7/9/2021
865,Friedrich,Buse,Male,4/20/1951,30,8/22/2021
866,Mohandis,Spink,Male,6/12/1974,11,2/27/2019
867,Antonetta,Gillum,Female,10/21/1950,2,6/29/2019
868,Bendicty,Croxon,Male,12/29/1945,54,5/6/2019
869,Rutger,Ogilvy,Male,11/24/1976,61,5/18/2019
870,Hilton,Pedden,Male,11/26/1971,73,5/30/2022
871,Trumaine,Godney,Male,1/11/1961,22,5/16/2021
872,Eadith,Roisen,Female,11/14/1960,32,3/31/2019
873,Elijah,Foux,Male,9/28/1988,64,4/8/2019
874,Dosi,Maddrah,Female,2/17/1969,7,4/2/2022
875,Worden,Rawcliffe,Male,10/27/1952,37,12/31/2018
876,Gerik,Phinn,Genderqueer,10/18/1998,88,1/28/2021
877,Finley,Waring,Male,10/25/1986,9,7/10/2021
878,Beverlee,Flawith,Agender,5/4/1987,87,9/11/2019
879,Elyssa,Hassall,Female,12/26/1988,69,2/28/2020
880,Kamila,Feldmark,Female,7/5/1984,42,7/16/2020
881,Nick,Pinniger,Male,1/4/1967,25,2/8/2019
882,Cristabel,Ocheltree,Non-binary,6/7/1987,29,6/1/2019
883,Merline,Eddow,Agender,7/2/1991,70,2/28/2022
884,Wynnie,Oggers,Female,11/4/1973,48,1/16/2021
885,Murvyn,Ruppert,Male,5/16/1950,24,10/25/2020
886,Trueman,Labbett,Male,4/17/1957,47,5/19/2020
887,Sophia,Gouldbourn,Female,10/5/1977,80,1/17/2020
888,Zachary,Moreinu,Genderfluid,2/3/1965,45,3/7/2021
889,Constantine,Vipan,Male,3/20/1965,19,1/6/2021
890,Hillyer,Geraudy,Male,7/30/1943,35,7/4/2021
891,Carey,Duffitt,Male,7/12/1965,14,4/1/2019
892,Ruttger,Cornelisse,Male,10/23/1984,5,6/9/2020
893,Noland,Tousey,Genderqueer,6/29/1970,8,11/16/2021
894,Kizzee,Vousden,Female,8/26/1979,67,10/2/2019
895,Vittorio,Bicker,Male,7/25/1994,38,8/17/2021
896,Jermayne,Deetch,Male,8/11/1947,58,1/10/2019
897,Shanan,Keighly,Male,8/3/1987,65,7/22/2019
898,Veradis,Gerritsma,Female,3/23/1969,54,11/6/2021
899,Micki,Godber,Female,10/17/1973,36,11/16/2018
900,Zitella,Petre,Female,5/19/1967,40,2/23/2022
901,Nathanial,Higgoe,Male,6/27/1948,7,1/27/2022
902,Arron,Lachaize,Male,6/22/1966,52,6/26/2020
903,Eberhard,Munehay,Male,8/20/1972,38,10/20/2018
904,Gillie,MacTeague,Female,2/10/1974,76,1/10/2020
905,Layne,Brogan,Female,5/4/1943,75,3/22/2020
906,Garrard,Dahlen,Male,4/26/1952,22,9/7/2021
907,Gill,Icke,Male,12/8/1946,77,4/29/2021
908,Fernando,Weafer,Male,3/6/1976,44,11/6/2021
909,Valentijn,Bateson,Male,12/31/1947,62,12/26/2018
910,Euphemia,Heckney,Female,6/7/1967,21,12/7/2021
911,Aaron,Dimbylow,Genderqueer,8/22/1974,70,11/24/2018
912,Curcio,Iacopetti,Male,3/10/1996,59,7/18/2020
913,Lydia,Ludlom,Female,4/30/1970,10,3/31/2021
914,Sheppard,Bomfield,Male,12/29/1974,5,9/4/2020
915,Tarah,Milner,Female,9/10/1996,42,7/8/2021
916,Nan,Dakhov,Female,9/26/1951,68,3/25/2022
917,Perri,Strickland,Genderqueer,8/17/1947,20,9/20/2021
918,Florenza,Sprackling,Female,10/10/1964,89,1/13/2019
919,Titos,Lambshine,Male,10/21/1971,51,9/24/2020
920,Cyrillus,De Blasi,Male,3/11/1998,17,8/17/2020
921,Gillian,Mueller,Female,8/24/1963,6,5/21/2019
922,Sandor,Addinall,Male,5/24/1946,34,7/5/2020
923,Tania,Ferrarese,Female,8/18/1970,48,12/23/2020
924,Thaxter,Rittmeyer,Male,3/7/1966,41,6/3/2020
925,Ogdon,Neylan,Male,12/18/1970,47,3/12/2020
926,Lydie,Scourge,Female,2/2/1960,16,2/15/2021
927,Bianka,Philippou,Female,10/22/1966,56,2/26/2022
928,Llywellyn,Rebbeck,Male,1/26/1974,13,1/2/2020
929,Derrick,Screeton,Male,11/12/1975,78,1/6/2019
930,Zonda,Muzzall,Female,1/14/1973,2,3/7/2019
931,Eb,Critoph,Male,1/25/1953,74,12/26/2021
932,Carl,Champkins,Male,2/12/1965,27,3/2/2020
933,Felizio,Alekseev,Male,1/18/1952,43,7/20/2020
934,Viv,Clibbery,Female,9/11/1952,29,2/10/2020
935,Allyn,Crockford,Female,11/4/1979,1,2/22/2022
936,Anna-maria,Weblin,Female,9/26/1958,24,12/2/2020
937,Artus,Fawdry,Male,2/13/1950,14,5/4/2022
938,Zahara,Dearan,Female,5/3/1975,64,2/23/2019
939,Clio,Caldera,Female,3/31/1985,28,9/27/2021
940,Gerardo,Moorfield,Male,4/1/1992,53,1/28/2020
941,Ilaire,Guido,Male,12/6/1973,37,12/15/2020
942,Mateo,Shatliffe,Male,12/16/1965,4,11/15/2018
943,Lars,Commander,Male,5/21/1942,61,2/5/2020
944,Yule,Fenich,Male,10/20/1971,45,4/9/2019
945,Sena,Leroux,Female,8/14/1984,39,12/24/2021
946,Malva,Garmon,Female,11/27/1968,32,2/16/2021
947,Margalit,O' Mara,Female,3/29/1943,23,6/4/2021
948,Giustino,Eby,Male,2/24/1983,15,2/13/2021
949,Nolie,Petters,Female,3/29/1958,85,11/6/2020
950,Candis,Hardesty,Female,10/2/1992,57,8/8/2019
951,Tait,Cheng,Male,9/5/1987,80,10/25/2021
952,Johannes,Presho,Male,9/6/1995,88,2/10/2022
953,Ulrike,Hoodlass,Female,4/7/1983,55,5/4/2019
954,Sallie,Blizard,Female,10/17/1981,73,12/6/2019
955,Karina,Catterell,Female,3/11/1961,81,8/5/2021
956,Daniel,Daniells,Male,4/28/1982,30,10/7/2019
957,Jesselyn,Giannazzo,Female,10/19/1988,9,6/8/2021
958,Meade,Merton,Male,6/20/1990,63,2/1/2022
959,Saraann,Gregorace,Female,7/1/1944,33,5/6/2022
960,Renaud,Revey,Male,6/4/1980,72,9/30/2019
961,Cristie,Reboul,Polygender,4/22/1960,50,1/13/2022
962,Bamby,Volleth,Female,4/26/1982,82,6/1/2021
963,Claudianus,Lednor,Male,10/7/1954,25,7/21/2021
964,Filmore,Ranby,Male,9/13/1992,46,6/24/2020
965,Harris,Hearnshaw,Male,11/23/1950,84,11/12/2021
966,Durant,Grigoriev,Male,12/29/1947,26,3/27/2019
967,Neall,Cornthwaite,Male,6/18/1969,71,2/19/2019
968,Bonnibelle,Hinken,Female,6/26/1971,90,1/21/2019
969,Meriel,Hassur,Female,6/14/1940,69,2/21/2022
970,Hurlee,Grafom,Male,5/18/1970,83,12/6/2018
971,Mayer,Rucklidge,Male,8/10/1951,79,11/22/2018
972,Carissa,Ellacott,Non-binary,2/24/1959,87,10/10/2020
973,Kellen,Tottem,Male,5/17/1999,12,5/8/2020
974,Ev,McGinnell,Male,12/21/1975,60,4/25/2021
975,Barnabas,Shawel,Male,4/9/1947,11,6/2/2019
976,Dwayne,Bernardot,Male,2/14/1997,49,10/11/2018
977,Bernard,Kondratyuk,Male,8/7/1980,58,4/21/2020
978,Georgie,Pounder,Male,10/15/1985,86,4/17/2022
979,Cynthie,Siaskowski,Female,6/5/1981,31,7/26/2019
980,Albert,Pecht,Male,12/19/1990,3,12/10/2018
981,Olin,Nanelli,Male,3/15/1977,66,6/10/2019
982,Lester,Bernat,Male,4/25/1951,19,5/6/2021
983,Rennie,Kolin,Genderqueer,8/2/1967,18,12/21/2019
984,Mendy,Walduck,Male,8/12/1999,67,12/18/2019
985,Josefina,Schulze,Female,10/7/1974,8,5/15/2021
986,Rianon,Shillan,Female,7/11/1991,35,9/10/2019
987,Charity,Minihan,Female,3/15/1987,5,10/19/2021
988,Merilyn,Shilliday,Female,4/30/1967,69,2/15/2021
989,Levey,Ringrose,Male,11/14/1991,51,4/17/2020
990,Iosep,Sautter,Male,9/12/1979,58,10/10/2018
991,Kayla,O'Callaghan,Female,1/12/1972,7,2/14/2022
992,Ki,Chambers,Female,2/25/1964,52,10/12/2018
993,Carmelita,Filpi,Female,11/14/1993,66,11/4/2020
994,Spence,Girvin,Male,3/22/1945,39,1/1/2021
995,Fiann,Philipot,Female,7/31/1996,34,12/13/2018
996,Doloritas,Horrigan,Female,4/21/1959,40,9/19/2020
997,Axel,Punyer,Male,11/7/1980,43,11/3/2019
998,Rosina,Kenvin,Female,4/2/1969,19,10/29/2021
999,Mabel,Castagne,Non-binary,10/26/1966,46,2/13/2022
1000,Hobard,McKerley,Male,3/4/1965,55,3/19/2022
